,name,url,promoted_content,query,tweet_volume,location,country,as_of,created_at
0,#IamNadda,http://twitter.com/search?q=%23IamNadda,,%23IamNadda,20245.0,India,IN,2021-01-20T08:48:20Z,2021-01-19T11:21:08Z
1,#SuspendKanganaRanaut,http://twitter.com/search?q=%23SuspendKanganaRanaut,,%23SuspendKanganaRanaut,15451.0,India,IN,2021-01-20T08:48:20Z,2021-01-19T11:21:08Z
2,#gurugobindsinghjayanti,http://twitter.com/search?q=%23gurugobindsinghjayanti,,%23gurugobindsinghjayanti,32660.0,India,IN,2021-01-20T08:48:20Z,2021-01-19T11:21:08Z
3,#whendoesitstop,http://twitter.com/search?q=%23whendoesitstop,,%23whendoesitstop,11628.0,India,IN,2021-01-20T08:48:20Z,2021-01-19T11:21:08Z
4,#CongressBetrayedFarmers,http://twitter.com/search?q=%23CongressBetrayedFarmers,,%23CongressBetrayedFarmers,23573.0,India,IN,2021-01-20T08:48:20Z,2021-01-19T11:21:08Z
5,ONE DAY FOR SSR BIRTHDAY,http://twitter.com/search?q=%22ONE+DAY+FOR+SSR+BIRTHDAY%22,,%22ONE+DAY+FOR+SSR+BIRTHDAY%22,224764.0,India,IN,2021-01-20T08:48:20Z,2021-01-19T11:21:08Z
6,Nobita,http://twitter.com/search?q=Nobita,,Nobita,70360.0,India,IN,2021-01-20T08:48:20Z,2021-01-19T11:21:08Z
7,गुरु गोविंद सिंह,http://twitter.com/search?q=%22%E0%A4%97%E0%A5%81%E0%A4%B0%E0%A5%81+%E0%A4%97%E0%A5%8B%E0%A4%B5%E0%A4%BF%E0%A4%82%E0%A4%A6+%E0%A4%B8%E0%A4%BF%E0%A4%82%E0%A4%B9%22,,%22%E0%A4%97%E0%A5%81%E0%A4%B0%E0%A5%81+%E0%A4%97%E0%A5%8B%E0%A4%B5%E0%A4%BF%E0%A4%82%E0%A4%A6+%E0%A4%B8%E0%A4%BF%E0%A4%82%E0%A4%B9%22,37637.0,India,IN,2021-01-20T08:48:20Z,2021-01-19T11:21:08Z
8,Harbhajan Singh,http://twitter.com/search?q=%22Harbhajan+Singh%22,,%22Harbhajan+Singh%22,,India,IN,2021-01-20T08:48:20Z,2021-01-19T11:21:08Z
9,Mi Notebook 14,http://twitter.com/search?q=%22Mi+Notebook+14%22,,%22Mi+Notebook+14%22,,India,IN,2021-01-20T08:48:20Z,2021-01-19T11:21:08Z
10,खालसा पंथ,http://twitter.com/search?q=%22%E0%A4%96%E0%A4%BE%E0%A4%B2%E0%A4%B8%E0%A4%BE+%E0%A4%AA%E0%A4%82%E0%A4%A5%22,,%22%E0%A4%96%E0%A4%BE%E0%A4%B2%E0%A4%B8%E0%A4%BE+%E0%A4%AA%E0%A4%82%E0%A4%A5%22,27910.0,India,IN,2021-01-20T08:48:20Z,2021-01-19T11:21:08Z
11,Console,http://twitter.com/search?q=Console,,Console,83234.0,India,IN,2021-01-20T08:48:20Z,2021-01-19T11:21:08Z
12,Banana,http://twitter.com/search?q=Banana,,Banana,73286.0,India,IN,2021-01-20T08:48:20Z,2021-01-19T11:21:08Z
13,Bharat Mata Ki Jai,http://twitter.com/search?q=%22Bharat+Mata+Ki+Jai%22,,%22Bharat+Mata+Ki+Jai%22,,India,IN,2021-01-20T08:48:20Z,2021-01-19T11:21:08Z
14,Raina,http://twitter.com/search?q=Raina,,Raina,,India,IN,2021-01-20T08:48:20Z,2021-01-19T11:21:08Z
15,Khalsa,http://twitter.com/search?q=Khalsa,,Khalsa,,India,IN,2021-01-20T08:48:20Z,2021-01-19T11:21:08Z
16,आवास योजना,http://twitter.com/search?q=%22%E0%A4%86%E0%A4%B5%E0%A4%BE%E0%A4%B8+%E0%A4%AF%E0%A5%8B%E0%A4%9C%E0%A4%A8%E0%A4%BE%22,,%22%E0%A4%86%E0%A4%B5%E0%A4%BE%E0%A4%B8+%E0%A4%AF%E0%A5%8B%E0%A4%9C%E0%A4%A8%E0%A4%BE%22,16387.0,India,IN,2021-01-20T08:48:20Z,2021-01-19T11:21:08Z
17,भारत बचाओ,http://twitter.com/search?q=%22%E0%A4%AD%E0%A4%BE%E0%A4%B0%E0%A4%A4+%E0%A4%AC%E0%A4%9A%E0%A4%BE%E0%A4%93%22,,%22%E0%A4%AD%E0%A4%BE%E0%A4%B0%E0%A4%A4+%E0%A4%AC%E0%A4%9A%E0%A4%BE%E0%A4%93%22,,India,IN,2021-01-20T08:48:20Z,2021-01-19T11:21:08Z
18,श्री गणेश,http://twitter.com/search?q=%22%E0%A4%B6%E0%A5%8D%E0%A4%B0%E0%A5%80+%E0%A4%97%E0%A4%A3%E0%A5%87%E0%A4%B6%22,,%22%E0%A4%B6%E0%A5%8D%E0%A4%B0%E0%A5%80+%E0%A4%97%E0%A4%A3%E0%A5%87%E0%A4%B6%22,12749.0,India,IN,2021-01-20T08:48:20Z,2021-01-19T11:21:08Z
19,Maldives,http://twitter.com/search?q=Maldives,,Maldives,15924.0,India,IN,2021-01-20T08:48:20Z,2021-01-19T11:21:08Z
20,राष्ट्रीय सुरक्षा,http://twitter.com/search?q=%22%E0%A4%B0%E0%A4%BE%E0%A4%B7%E0%A5%8D%E0%A4%9F%E0%A5%8D%E0%A4%B0%E0%A5%80%E0%A4%AF+%E0%A4%B8%E0%A5%81%E0%A4%B0%E0%A4%95%E0%A5%8D%E0%A4%B7%E0%A4%BE%22,,%22%E0%A4%B0%E0%A4%BE%E0%A4%B7%E0%A5%8D%E0%A4%9F%E0%A5%8D%E0%A4%B0%E0%A5%80%E0%A4%AF+%E0%A4%B8%E0%A5%81%E0%A4%B0%E0%A4%95%E0%A5%8D%E0%A4%B7%E0%A4%BE%22,,India,IN,2021-01-20T08:48:20Z,2021-01-19T11:21:08Z
21,Who is Rahul Gandhi,http://twitter.com/search?q=%22Who+is+Rahul+Gandhi%22,,%22Who+is+Rahul+Gandhi%22,,India,IN,2021-01-20T08:48:20Z,2021-01-19T11:21:08Z
22,UNSTOPPABLE RAMARAJU MANIA,http://twitter.com/search?q=%22UNSTOPPABLE+RAMARAJU+MANIA%22,,%22UNSTOPPABLE+RAMARAJU+MANIA%22,23654.0,India,IN,2021-01-20T08:48:20Z,2021-01-19T11:21:08Z
23,राहुल गांधी,http://twitter.com/search?q=%22%E0%A4%B0%E0%A4%BE%E0%A4%B9%E0%A5%81%E0%A4%B2+%E0%A4%97%E0%A4%BE%E0%A4%82%E0%A4%A7%E0%A5%80%22,,%22%E0%A4%B0%E0%A4%BE%E0%A4%B9%E0%A5%81%E0%A4%B2+%E0%A4%97%E0%A4%BE%E0%A4%82%E0%A4%A7%E0%A5%80%22,72709.0,India,IN,2021-01-20T08:48:20Z,2021-01-19T11:21:08Z
24,White House,http://twitter.com/search?q=%22White+House%22,,%22White+House%22,417236.0,India,IN,2021-01-20T08:48:20Z,2021-01-19T11:21:08Z
25,Bhutan,http://twitter.com/search?q=Bhutan,,Bhutan,,India,IN,2021-01-20T08:48:20Z,2021-01-19T11:21:08Z
26,Smriti Irani,http://twitter.com/search?q=%22Smriti+Irani%22,,%22Smriti+Irani%22,,India,IN,2021-01-20T08:48:20Z,2021-01-19T11:21:08Z
27,Amethi,http://twitter.com/search?q=Amethi,,Amethi,,India,IN,2021-01-20T08:48:20Z,2021-01-19T11:21:08Z
28,Delhi Police,http://twitter.com/search?q=%22Delhi+Police%22,,%22Delhi+Police%22,,India,IN,2021-01-20T08:48:20Z,2021-01-19T11:21:08Z
29,#AjitDoval,http://twitter.com/search?q=%23AjitDoval,,%23AjitDoval,,India,IN,2021-01-20T08:48:20Z,2021-01-19T11:21:08Z
30,#Kamalam,http://twitter.com/search?q=%23Kamalam,,%23Kamalam,,India,IN,2021-01-20T08:48:20Z,2021-01-19T11:21:08Z
31,#dragonfruit,http://twitter.com/search?q=%23dragonfruit,,%23dragonfruit,,India,IN,2021-01-20T08:48:20Z,2021-01-19T11:21:08Z
32,#wednesdaythought,http://twitter.com/search?q=%23wednesdaythought,,%23wednesdaythought,18151.0,India,IN,2021-01-20T08:48:20Z,2021-01-19T11:21:08Z
33,#SanskariFruitSabzi,http://twitter.com/search?q=%23SanskariFruitSabzi,,%23SanskariFruitSabzi,,India,IN,2021-01-20T08:48:20Z,2021-01-19T11:21:08Z
34,#GaddarBJPArnab,http://twitter.com/search?q=%23GaddarBJPArnab,,%23GaddarBJPArnab,,India,IN,2021-01-20T08:48:20Z,2021-01-19T11:21:08Z
35,#JackMa,http://twitter.com/search?q=%23JackMa,,%23JackMa,,India,IN,2021-01-20T08:48:20Z,2021-01-19T11:21:08Z
36,#IPL2021,http://twitter.com/search?q=%23IPL2021,,%23IPL2021,,India,IN,2021-01-20T08:48:20Z,2021-01-19T11:21:08Z
37,#गुरु_गोविंद_सिंह_जयंती,http://twitter.com/search?q=%23%E0%A4%97%E0%A5%81%E0%A4%B0%E0%A5%81_%E0%A4%97%E0%A5%8B%E0%A4%B5%E0%A4%BF%E0%A4%82%E0%A4%A6_%E0%A4%B8%E0%A4%BF%E0%A4%82%E0%A4%B9_%E0%A4%9C%E0%A4%AF%E0%A4%82%E0%A4%A4%E0%A5%80,,%23%E0%A4%97%E0%A5%81%E0%A4%B0%E0%A5%81_%E0%A4%97%E0%A5%8B%E0%A4%B5%E0%A4%BF%E0%A4%82%E0%A4%A6_%E0%A4%B8%E0%A4%BF%E0%A4%82%E0%A4%B9_%E0%A4%9C%E0%A4%AF%E0%A4%82%E0%A4%A4%E0%A5%80,,India,IN,2021-01-20T08:48:20Z,2021-01-19T11:21:08Z
38,#ਨਿਸਚੈ_ਕਰਿ_ਅਪੁਨੀ_ਜੀਤ_ਕਰੋ,http://twitter.com/search?q=%23%E0%A8%A8%E0%A8%BF%E0%A8%B8%E0%A8%9A%E0%A9%88_%E0%A8%95%E0%A8%B0%E0%A8%BF_%E0%A8%85%E0%A8%AA%E0%A9%81%E0%A8%A8%E0%A9%80_%E0%A8%9C%E0%A9%80%E0%A8%A4_%E0%A8%95%E0%A8%B0%E0%A9%8B,,%23%E0%A8%A8%E0%A8%BF%E0%A8%B8%E0%A8%9A%E0%A9%88_%E0%A8%95%E0%A8%B0%E0%A8%BF_%E0%A8%85%E0%A8%AA%E0%A9%81%E0%A8%A8%E0%A9%80_%E0%A8%9C%E0%A9%80%E0%A8%A4_%E0%A8%95%E0%A8%B0%E0%A9%8B,107829.0,India,IN,2021-01-20T08:48:20Z,2021-01-19T11:21:08Z
39,#குட்காஊழல்_அதிமுக,http://twitter.com/search?q=%23%E0%AE%95%E0%AF%81%E0%AE%9F%E0%AF%8D%E0%AE%95%E0%AE%BE%E0%AE%8A%E0%AE%B4%E0%AE%B2%E0%AF%8D_%E0%AE%85%E0%AE%A4%E0%AE%BF%E0%AE%AE%E0%AF%81%E0%AE%95,,%23%E0%AE%95%E0%AF%81%E0%AE%9F%E0%AF%8D%E0%AE%95%E0%AE%BE%E0%AE%8A%E0%AE%B4%E0%AE%B2%E0%AF%8D_%E0%AE%85%E0%AE%A4%E0%AE%BF%E0%AE%AE%E0%AF%81%E0%AE%95,,India,IN,2021-01-20T08:48:20Z,2021-01-19T11:21:08Z
40,#GraminAwaasSabkePass,http://twitter.com/search?q=%23GraminAwaasSabkePass,,%23GraminAwaasSabkePass,19642.0,India,IN,2021-01-20T08:48:20Z,2021-01-19T11:21:08Z
41,#PMAYGramin,http://twitter.com/search?q=%23PMAYGramin,,%23PMAYGramin,,India,IN,2021-01-20T08:48:20Z,2021-01-19T11:21:08Z
42,#गुरु_गोविन्द_सिंह,http://twitter.com/search?q=%23%E0%A4%97%E0%A5%81%E0%A4%B0%E0%A5%81_%E0%A4%97%E0%A5%8B%E0%A4%B5%E0%A4%BF%E0%A4%A8%E0%A5%8D%E0%A4%A6_%E0%A4%B8%E0%A4%BF%E0%A4%82%E0%A4%B9,,%23%E0%A4%97%E0%A5%81%E0%A4%B0%E0%A5%81_%E0%A4%97%E0%A5%8B%E0%A4%B5%E0%A4%BF%E0%A4%A8%E0%A5%8D%E0%A4%A6_%E0%A4%B8%E0%A4%BF%E0%A4%82%E0%A4%B9,,India,IN,2021-01-20T08:48:20Z,2021-01-19T11:21:08Z
43,#PittaKathalu,http://twitter.com/search?q=%23PittaKathalu,,%23PittaKathalu,,India,IN,2021-01-20T08:48:20Z,2021-01-19T11:21:08Z
44,#QuitNonVeg,http://twitter.com/search?q=%23QuitNonVeg,,%23QuitNonVeg,27438.0,India,IN,2021-01-20T08:48:20Z,2021-01-19T11:21:08Z
45,#zerodha,http://twitter.com/search?q=%23zerodha,,%23zerodha,,India,IN,2021-01-20T08:48:20Z,2021-01-19T11:21:08Z
46,#IPLretention,http://twitter.com/search?q=%23IPLretention,,%23IPLretention,,India,IN,2021-01-20T08:48:20Z,2021-01-19T11:21:08Z
47,#BellBottom,http://twitter.com/search?q=%23BellBottom,,%23BellBottom,,India,IN,2021-01-20T08:48:20Z,2021-01-19T11:21:08Z
48,#JaichandBJPArnab,http://twitter.com/search?q=%23JaichandBJPArnab,,%23JaichandBJPArnab,,India,IN,2021-01-20T08:48:20Z,2021-01-19T11:21:08Z
49,#WednesdayMotivation,http://twitter.com/search?q=%23WednesdayMotivation,,%23WednesdayMotivation,13975.0,India,IN,2021-01-20T08:48:20Z,2021-01-19T11:21:08Z
50,#IamNadda,http://twitter.com/search?q=%23IamNadda,,%23IamNadda,20141.0,Mumbai,IN,2021-01-20T08:48:21Z,2021-01-19T11:21:08Z
51,#SuspendKanganaRanaut,http://twitter.com/search?q=%23SuspendKanganaRanaut,,%23SuspendKanganaRanaut,15313.0,Mumbai,IN,2021-01-20T08:48:21Z,2021-01-19T11:21:08Z
52,#gurugobindsinghjayanti,http://twitter.com/search?q=%23gurugobindsinghjayanti,,%23gurugobindsinghjayanti,32660.0,Mumbai,IN,2021-01-20T08:48:21Z,2021-01-19T11:21:08Z
53,#whendoesitstop,http://twitter.com/search?q=%23whendoesitstop,,%23whendoesitstop,11628.0,Mumbai,IN,2021-01-20T08:48:21Z,2021-01-19T11:21:08Z
54,#CongressBetrayedFarmers,http://twitter.com/search?q=%23CongressBetrayedFarmers,,%23CongressBetrayedFarmers,23573.0,Mumbai,IN,2021-01-20T08:48:21Z,2021-01-19T11:21:08Z
55,ONE DAY FOR SSR BIRTHDAY,http://twitter.com/search?q=%22ONE+DAY+FOR+SSR+BIRTHDAY%22,,%22ONE+DAY+FOR+SSR+BIRTHDAY%22,224764.0,Mumbai,IN,2021-01-20T08:48:21Z,2021-01-19T11:21:08Z
56,Nobita,http://twitter.com/search?q=Nobita,,Nobita,70407.0,Mumbai,IN,2021-01-20T08:48:21Z,2021-01-19T11:21:08Z
57,गुरु गोविंद सिंह,http://twitter.com/search?q=%22%E0%A4%97%E0%A5%81%E0%A4%B0%E0%A5%81+%E0%A4%97%E0%A5%8B%E0%A4%B5%E0%A4%BF%E0%A4%82%E0%A4%A6+%E0%A4%B8%E0%A4%BF%E0%A4%82%E0%A4%B9%22,,%22%E0%A4%97%E0%A5%81%E0%A4%B0%E0%A5%81+%E0%A4%97%E0%A5%8B%E0%A4%B5%E0%A4%BF%E0%A4%82%E0%A4%A6+%E0%A4%B8%E0%A4%BF%E0%A4%82%E0%A4%B9%22,37637.0,Mumbai,IN,2021-01-20T08:48:21Z,2021-01-19T11:21:08Z
58,Harbhajan Singh,http://twitter.com/search?q=%22Harbhajan+Singh%22,,%22Harbhajan+Singh%22,,Mumbai,IN,2021-01-20T08:48:21Z,2021-01-19T11:21:08Z
59,Mi Notebook 14,http://twitter.com/search?q=%22Mi+Notebook+14%22,,%22Mi+Notebook+14%22,,Mumbai,IN,2021-01-20T08:48:21Z,2021-01-19T11:21:08Z
60,खालसा पंथ,http://twitter.com/search?q=%22%E0%A4%96%E0%A4%BE%E0%A4%B2%E0%A4%B8%E0%A4%BE+%E0%A4%AA%E0%A4%82%E0%A4%A5%22,,%22%E0%A4%96%E0%A4%BE%E0%A4%B2%E0%A4%B8%E0%A4%BE+%E0%A4%AA%E0%A4%82%E0%A4%A5%22,27910.0,Mumbai,IN,2021-01-20T08:48:21Z,2021-01-19T11:21:08Z
61,Console,http://twitter.com/search?q=Console,,Console,83234.0,Mumbai,IN,2021-01-20T08:48:21Z,2021-01-19T11:21:08Z
62,Banana,http://twitter.com/search?q=Banana,,Banana,73286.0,Mumbai,IN,2021-01-20T08:48:21Z,2021-01-19T11:21:08Z
63,Raina,http://twitter.com/search?q=Raina,,Raina,,Mumbai,IN,2021-01-20T08:48:21Z,2021-01-19T11:21:08Z
64,Bharat Mata Ki Jai,http://twitter.com/search?q=%22Bharat+Mata+Ki+Jai%22,,%22Bharat+Mata+Ki+Jai%22,,Mumbai,IN,2021-01-20T08:48:21Z,2021-01-19T11:21:08Z
65,Khalsa,http://twitter.com/search?q=Khalsa,,Khalsa,,Mumbai,IN,2021-01-20T08:48:21Z,2021-01-19T11:21:08Z
66,आवास योजना,http://twitter.com/search?q=%22%E0%A4%86%E0%A4%B5%E0%A4%BE%E0%A4%B8+%E0%A4%AF%E0%A5%8B%E0%A4%9C%E0%A4%A8%E0%A4%BE%22,,%22%E0%A4%86%E0%A4%B5%E0%A4%BE%E0%A4%B8+%E0%A4%AF%E0%A5%8B%E0%A4%9C%E0%A4%A8%E0%A4%BE%22,16387.0,Mumbai,IN,2021-01-20T08:48:21Z,2021-01-19T11:21:08Z
67,भारत बचाओ,http://twitter.com/search?q=%22%E0%A4%AD%E0%A4%BE%E0%A4%B0%E0%A4%A4+%E0%A4%AC%E0%A4%9A%E0%A4%BE%E0%A4%93%22,,%22%E0%A4%AD%E0%A4%BE%E0%A4%B0%E0%A4%A4+%E0%A4%AC%E0%A4%9A%E0%A4%BE%E0%A4%93%22,,Mumbai,IN,2021-01-20T08:48:21Z,2021-01-19T11:21:08Z
68,श्री गणेश,http://twitter.com/search?q=%22%E0%A4%B6%E0%A5%8D%E0%A4%B0%E0%A5%80+%E0%A4%97%E0%A4%A3%E0%A5%87%E0%A4%B6%22,,%22%E0%A4%B6%E0%A5%8D%E0%A4%B0%E0%A5%80+%E0%A4%97%E0%A4%A3%E0%A5%87%E0%A4%B6%22,12749.0,Mumbai,IN,2021-01-20T08:48:21Z,2021-01-19T11:21:08Z
69,Maldives,http://twitter.com/search?q=Maldives,,Maldives,15924.0,Mumbai,IN,2021-01-20T08:48:21Z,2021-01-19T11:21:08Z
70,राष्ट्रीय सुरक्षा,http://twitter.com/search?q=%22%E0%A4%B0%E0%A4%BE%E0%A4%B7%E0%A5%8D%E0%A4%9F%E0%A5%8D%E0%A4%B0%E0%A5%80%E0%A4%AF+%E0%A4%B8%E0%A5%81%E0%A4%B0%E0%A4%95%E0%A5%8D%E0%A4%B7%E0%A4%BE%22,,%22%E0%A4%B0%E0%A4%BE%E0%A4%B7%E0%A5%8D%E0%A4%9F%E0%A5%8D%E0%A4%B0%E0%A5%80%E0%A4%AF+%E0%A4%B8%E0%A5%81%E0%A4%B0%E0%A4%95%E0%A5%8D%E0%A4%B7%E0%A4%BE%22,,Mumbai,IN,2021-01-20T08:48:21Z,2021-01-19T11:21:08Z
71,Who is Rahul Gandhi,http://twitter.com/search?q=%22Who+is+Rahul+Gandhi%22,,%22Who+is+Rahul+Gandhi%22,,Mumbai,IN,2021-01-20T08:48:21Z,2021-01-19T11:21:08Z
72,UNSTOPPABLE RAMARAJU MANIA,http://twitter.com/search?q=%22UNSTOPPABLE+RAMARAJU+MANIA%22,,%22UNSTOPPABLE+RAMARAJU+MANIA%22,23654.0,Mumbai,IN,2021-01-20T08:48:21Z,2021-01-19T11:21:08Z
73,राहुल गांधी,http://twitter.com/search?q=%22%E0%A4%B0%E0%A4%BE%E0%A4%B9%E0%A5%81%E0%A4%B2+%E0%A4%97%E0%A4%BE%E0%A4%82%E0%A4%A7%E0%A5%80%22,,%22%E0%A4%B0%E0%A4%BE%E0%A4%B9%E0%A5%81%E0%A4%B2+%E0%A4%97%E0%A4%BE%E0%A4%82%E0%A4%A7%E0%A5%80%22,72709.0,Mumbai,IN,2021-01-20T08:48:21Z,2021-01-19T11:21:08Z
74,White House,http://twitter.com/search?q=%22White+House%22,,%22White+House%22,417236.0,Mumbai,IN,2021-01-20T08:48:21Z,2021-01-19T11:21:08Z
75,Bhutan,http://twitter.com/search?q=Bhutan,,Bhutan,,Mumbai,IN,2021-01-20T08:48:21Z,2021-01-19T11:21:08Z
76,Smriti Irani,http://twitter.com/search?q=%22Smriti+Irani%22,,%22Smriti+Irani%22,,Mumbai,IN,2021-01-20T08:48:21Z,2021-01-19T11:21:08Z
77,Amethi,http://twitter.com/search?q=Amethi,,Amethi,,Mumbai,IN,2021-01-20T08:48:21Z,2021-01-19T11:21:08Z
78,Delhi Police,http://twitter.com/search?q=%22Delhi+Police%22,,%22Delhi+Police%22,,Mumbai,IN,2021-01-20T08:48:21Z,2021-01-19T11:21:08Z
79,#AjitDoval,http://twitter.com/search?q=%23AjitDoval,,%23AjitDoval,,Mumbai,IN,2021-01-20T08:48:21Z,2021-01-19T11:21:08Z
80,#Kamalam,http://twitter.com/search?q=%23Kamalam,,%23Kamalam,,Mumbai,IN,2021-01-20T08:48:21Z,2021-01-19T11:21:08Z
81,#dragonfruit,http://twitter.com/search?q=%23dragonfruit,,%23dragonfruit,,Mumbai,IN,2021-01-20T08:48:21Z,2021-01-19T11:21:08Z
82,#SanskariFruitSabzi,http://twitter.com/search?q=%23SanskariFruitSabzi,,%23SanskariFruitSabzi,,Mumbai,IN,2021-01-20T08:48:21Z,2021-01-19T11:21:08Z
83,#GaddarBJPArnab,http://twitter.com/search?q=%23GaddarBJPArnab,,%23GaddarBJPArnab,,Mumbai,IN,2021-01-20T08:48:21Z,2021-01-19T11:21:08Z
84,#wednesdaythought,http://twitter.com/search?q=%23wednesdaythought,,%23wednesdaythought,18151.0,Mumbai,IN,2021-01-20T08:48:21Z,2021-01-19T11:21:08Z
85,#JackMa,http://twitter.com/search?q=%23JackMa,,%23JackMa,,Mumbai,IN,2021-01-20T08:48:21Z,2021-01-19T11:21:08Z
86,#IPL2021,http://twitter.com/search?q=%23IPL2021,,%23IPL2021,,Mumbai,IN,2021-01-20T08:48:21Z,2021-01-19T11:21:08Z
87,#गुरु_गोविंद_सिंह_जयंती,http://twitter.com/search?q=%23%E0%A4%97%E0%A5%81%E0%A4%B0%E0%A5%81_%E0%A4%97%E0%A5%8B%E0%A4%B5%E0%A4%BF%E0%A4%82%E0%A4%A6_%E0%A4%B8%E0%A4%BF%E0%A4%82%E0%A4%B9_%E0%A4%9C%E0%A4%AF%E0%A4%82%E0%A4%A4%E0%A5%80,,%23%E0%A4%97%E0%A5%81%E0%A4%B0%E0%A5%81_%E0%A4%97%E0%A5%8B%E0%A4%B5%E0%A4%BF%E0%A4%82%E0%A4%A6_%E0%A4%B8%E0%A4%BF%E0%A4%82%E0%A4%B9_%E0%A4%9C%E0%A4%AF%E0%A4%82%E0%A4%A4%E0%A5%80,,Mumbai,IN,2021-01-20T08:48:21Z,2021-01-19T11:21:08Z
88,#ਨਿਸਚੈ_ਕਰਿ_ਅਪੁਨੀ_ਜੀਤ_ਕਰੋ,http://twitter.com/search?q=%23%E0%A8%A8%E0%A8%BF%E0%A8%B8%E0%A8%9A%E0%A9%88_%E0%A8%95%E0%A8%B0%E0%A8%BF_%E0%A8%85%E0%A8%AA%E0%A9%81%E0%A8%A8%E0%A9%80_%E0%A8%9C%E0%A9%80%E0%A8%A4_%E0%A8%95%E0%A8%B0%E0%A9%8B,,%23%E0%A8%A8%E0%A8%BF%E0%A8%B8%E0%A8%9A%E0%A9%88_%E0%A8%95%E0%A8%B0%E0%A8%BF_%E0%A8%85%E0%A8%AA%E0%A9%81%E0%A8%A8%E0%A9%80_%E0%A8%9C%E0%A9%80%E0%A8%A4_%E0%A8%95%E0%A8%B0%E0%A9%8B,107829.0,Mumbai,IN,2021-01-20T08:48:21Z,2021-01-19T11:21:08Z
89,#குட்காஊழல்_அதிமுக,http://twitter.com/search?q=%23%E0%AE%95%E0%AF%81%E0%AE%9F%E0%AF%8D%E0%AE%95%E0%AE%BE%E0%AE%8A%E0%AE%B4%E0%AE%B2%E0%AF%8D_%E0%AE%85%E0%AE%A4%E0%AE%BF%E0%AE%AE%E0%AF%81%E0%AE%95,,%23%E0%AE%95%E0%AF%81%E0%AE%9F%E0%AF%8D%E0%AE%95%E0%AE%BE%E0%AE%8A%E0%AE%B4%E0%AE%B2%E0%AF%8D_%E0%AE%85%E0%AE%A4%E0%AE%BF%E0%AE%AE%E0%AF%81%E0%AE%95,,Mumbai,IN,2021-01-20T08:48:21Z,2021-01-19T11:21:08Z
90,#GraminAwaasSabkePass,http://twitter.com/search?q=%23GraminAwaasSabkePass,,%23GraminAwaasSabkePass,19642.0,Mumbai,IN,2021-01-20T08:48:21Z,2021-01-19T11:21:08Z
91,#PMAYGramin,http://twitter.com/search?q=%23PMAYGramin,,%23PMAYGramin,,Mumbai,IN,2021-01-20T08:48:21Z,2021-01-19T11:21:08Z
92,#गुरु_गोविन्द_सिंह,http://twitter.com/search?q=%23%E0%A4%97%E0%A5%81%E0%A4%B0%E0%A5%81_%E0%A4%97%E0%A5%8B%E0%A4%B5%E0%A4%BF%E0%A4%A8%E0%A5%8D%E0%A4%A6_%E0%A4%B8%E0%A4%BF%E0%A4%82%E0%A4%B9,,%23%E0%A4%97%E0%A5%81%E0%A4%B0%E0%A5%81_%E0%A4%97%E0%A5%8B%E0%A4%B5%E0%A4%BF%E0%A4%A8%E0%A5%8D%E0%A4%A6_%E0%A4%B8%E0%A4%BF%E0%A4%82%E0%A4%B9,,Mumbai,IN,2021-01-20T08:48:21Z,2021-01-19T11:21:08Z
93,#PittaKathalu,http://twitter.com/search?q=%23PittaKathalu,,%23PittaKathalu,,Mumbai,IN,2021-01-20T08:48:21Z,2021-01-19T11:21:08Z
94,#QuitNonVeg,http://twitter.com/search?q=%23QuitNonVeg,,%23QuitNonVeg,27438.0,Mumbai,IN,2021-01-20T08:48:21Z,2021-01-19T11:21:08Z
95,#IPLretention,http://twitter.com/search?q=%23IPLretention,,%23IPLretention,,Mumbai,IN,2021-01-20T08:48:21Z,2021-01-19T11:21:08Z
96,#zerodha,http://twitter.com/search?q=%23zerodha,,%23zerodha,,Mumbai,IN,2021-01-20T08:48:21Z,2021-01-19T11:21:08Z
97,#BellBottom,http://twitter.com/search?q=%23BellBottom,,%23BellBottom,,Mumbai,IN,2021-01-20T08:48:21Z,2021-01-19T11:21:08Z
98,#JaichandBJPArnab,http://twitter.com/search?q=%23JaichandBJPArnab,,%23JaichandBJPArnab,,Mumbai,IN,2021-01-20T08:48:21Z,2021-01-19T11:21:08Z
99,#JoeBiden,http://twitter.com/search?q=%23JoeBiden,,%23JoeBiden,20638.0,Mumbai,IN,2021-01-20T08:48:21Z,2021-01-19T11:21:08Z
100,#AnandaVikatanMedai,http://twitter.com/search?q=%23AnandaVikatanMedai,,%23AnandaVikatanMedai,,Chennai,IN,2021-01-20T08:48:21Z,2020-12-30T07:59:22Z
101,ONE DAY FOR SSR BIRTHDAY,http://twitter.com/search?q=%22ONE+DAY+FOR+SSR+BIRTHDAY%22,,%22ONE+DAY+FOR+SSR+BIRTHDAY%22,224764.0,Chennai,IN,2021-01-20T08:48:21Z,2020-12-30T07:59:22Z
102,Nobita,http://twitter.com/search?q=Nobita,,Nobita,70407.0,Chennai,IN,2021-01-20T08:48:21Z,2020-12-30T07:59:22Z
103,गुरु गोविंद सिंह,http://twitter.com/search?q=%22%E0%A4%97%E0%A5%81%E0%A4%B0%E0%A5%81+%E0%A4%97%E0%A5%8B%E0%A4%B5%E0%A4%BF%E0%A4%82%E0%A4%A6+%E0%A4%B8%E0%A4%BF%E0%A4%82%E0%A4%B9%22,,%22%E0%A4%97%E0%A5%81%E0%A4%B0%E0%A5%81+%E0%A4%97%E0%A5%8B%E0%A4%B5%E0%A4%BF%E0%A4%82%E0%A4%A6+%E0%A4%B8%E0%A4%BF%E0%A4%82%E0%A4%B9%22,37637.0,Chennai,IN,2021-01-20T08:48:21Z,2020-12-30T07:59:22Z
104,Harbhajan Singh,http://twitter.com/search?q=%22Harbhajan+Singh%22,,%22Harbhajan+Singh%22,,Chennai,IN,2021-01-20T08:48:21Z,2020-12-30T07:59:22Z
105,Mi Notebook 14,http://twitter.com/search?q=%22Mi+Notebook+14%22,,%22Mi+Notebook+14%22,,Chennai,IN,2021-01-20T08:48:21Z,2020-12-30T07:59:22Z
106,खालसा पंथ,http://twitter.com/search?q=%22%E0%A4%96%E0%A4%BE%E0%A4%B2%E0%A4%B8%E0%A4%BE+%E0%A4%AA%E0%A4%82%E0%A4%A5%22,,%22%E0%A4%96%E0%A4%BE%E0%A4%B2%E0%A4%B8%E0%A4%BE+%E0%A4%AA%E0%A4%82%E0%A4%A5%22,27910.0,Chennai,IN,2021-01-20T08:48:21Z,2020-12-30T07:59:22Z
107,Console,http://twitter.com/search?q=Console,,Console,83234.0,Chennai,IN,2021-01-20T08:48:21Z,2020-12-30T07:59:22Z
108,Banana,http://twitter.com/search?q=Banana,,Banana,73286.0,Chennai,IN,2021-01-20T08:48:21Z,2020-12-30T07:59:22Z
109,Raina,http://twitter.com/search?q=Raina,,Raina,,Chennai,IN,2021-01-20T08:48:21Z,2020-12-30T07:59:22Z
110,Bharat Mata Ki Jai,http://twitter.com/search?q=%22Bharat+Mata+Ki+Jai%22,,%22Bharat+Mata+Ki+Jai%22,,Chennai,IN,2021-01-20T08:48:21Z,2020-12-30T07:59:22Z
111,Khalsa,http://twitter.com/search?q=Khalsa,,Khalsa,,Chennai,IN,2021-01-20T08:48:21Z,2020-12-30T07:59:22Z
112,आवास योजना,http://twitter.com/search?q=%22%E0%A4%86%E0%A4%B5%E0%A4%BE%E0%A4%B8+%E0%A4%AF%E0%A5%8B%E0%A4%9C%E0%A4%A8%E0%A4%BE%22,,%22%E0%A4%86%E0%A4%B5%E0%A4%BE%E0%A4%B8+%E0%A4%AF%E0%A5%8B%E0%A4%9C%E0%A4%A8%E0%A4%BE%22,16387.0,Chennai,IN,2021-01-20T08:48:21Z,2020-12-30T07:59:22Z
113,भारत बचाओ,http://twitter.com/search?q=%22%E0%A4%AD%E0%A4%BE%E0%A4%B0%E0%A4%A4+%E0%A4%AC%E0%A4%9A%E0%A4%BE%E0%A4%93%22,,%22%E0%A4%AD%E0%A4%BE%E0%A4%B0%E0%A4%A4+%E0%A4%AC%E0%A4%9A%E0%A4%BE%E0%A4%93%22,,Chennai,IN,2021-01-20T08:48:21Z,2020-12-30T07:59:22Z
114,श्री गणेश,http://twitter.com/search?q=%22%E0%A4%B6%E0%A5%8D%E0%A4%B0%E0%A5%80+%E0%A4%97%E0%A4%A3%E0%A5%87%E0%A4%B6%22,,%22%E0%A4%B6%E0%A5%8D%E0%A4%B0%E0%A5%80+%E0%A4%97%E0%A4%A3%E0%A5%87%E0%A4%B6%22,12749.0,Chennai,IN,2021-01-20T08:48:21Z,2020-12-30T07:59:22Z
115,Maldives,http://twitter.com/search?q=Maldives,,Maldives,15924.0,Chennai,IN,2021-01-20T08:48:21Z,2020-12-30T07:59:22Z
116,राष्ट्रीय सुरक्षा,http://twitter.com/search?q=%22%E0%A4%B0%E0%A4%BE%E0%A4%B7%E0%A5%8D%E0%A4%9F%E0%A5%8D%E0%A4%B0%E0%A5%80%E0%A4%AF+%E0%A4%B8%E0%A5%81%E0%A4%B0%E0%A4%95%E0%A5%8D%E0%A4%B7%E0%A4%BE%22,,%22%E0%A4%B0%E0%A4%BE%E0%A4%B7%E0%A5%8D%E0%A4%9F%E0%A5%8D%E0%A4%B0%E0%A5%80%E0%A4%AF+%E0%A4%B8%E0%A5%81%E0%A4%B0%E0%A4%95%E0%A5%8D%E0%A4%B7%E0%A4%BE%22,,Chennai,IN,2021-01-20T08:48:21Z,2020-12-30T07:59:22Z
117,Who is Rahul Gandhi,http://twitter.com/search?q=%22Who+is+Rahul+Gandhi%22,,%22Who+is+Rahul+Gandhi%22,,Chennai,IN,2021-01-20T08:48:21Z,2020-12-30T07:59:22Z
118,UNSTOPPABLE RAMARAJU MANIA,http://twitter.com/search?q=%22UNSTOPPABLE+RAMARAJU+MANIA%22,,%22UNSTOPPABLE+RAMARAJU+MANIA%22,23654.0,Chennai,IN,2021-01-20T08:48:21Z,2020-12-30T07:59:22Z
119,राहुल गांधी,http://twitter.com/search?q=%22%E0%A4%B0%E0%A4%BE%E0%A4%B9%E0%A5%81%E0%A4%B2+%E0%A4%97%E0%A4%BE%E0%A4%82%E0%A4%A7%E0%A5%80%22,,%22%E0%A4%B0%E0%A4%BE%E0%A4%B9%E0%A5%81%E0%A4%B2+%E0%A4%97%E0%A4%BE%E0%A4%82%E0%A4%A7%E0%A5%80%22,72709.0,Chennai,IN,2021-01-20T08:48:21Z,2020-12-30T07:59:22Z
120,White House,http://twitter.com/search?q=%22White+House%22,,%22White+House%22,417100.0,Chennai,IN,2021-01-20T08:48:21Z,2020-12-30T07:59:22Z
121,Bhutan,http://twitter.com/search?q=Bhutan,,Bhutan,,Chennai,IN,2021-01-20T08:48:21Z,2020-12-30T07:59:22Z
122,Smriti Irani,http://twitter.com/search?q=%22Smriti+Irani%22,,%22Smriti+Irani%22,,Chennai,IN,2021-01-20T08:48:21Z,2020-12-30T07:59:22Z
123,Amethi,http://twitter.com/search?q=Amethi,,Amethi,,Chennai,IN,2021-01-20T08:48:21Z,2020-12-30T07:59:22Z
124,Delhi Police,http://twitter.com/search?q=%22Delhi+Police%22,,%22Delhi+Police%22,,Chennai,IN,2021-01-20T08:48:21Z,2020-12-30T07:59:22Z
125,#valimai️,http://twitter.com/search?q=%23valimai%EF%B8%8F,,%23valimai%EF%B8%8F,,Chennai,IN,2021-01-20T08:48:21Z,2020-12-30T07:59:22Z
126,#IamNadda,http://twitter.com/search?q=%23IamNadda,,%23IamNadda,20245.0,Chennai,IN,2021-01-20T08:48:21Z,2020-12-30T07:59:22Z
127,#SuspendKanganaRanaut,http://twitter.com/search?q=%23SuspendKanganaRanaut,,%23SuspendKanganaRanaut,15451.0,Chennai,IN,2021-01-20T08:48:21Z,2020-12-30T07:59:22Z
128,#gurugobindsinghjayanti,http://twitter.com/search?q=%23gurugobindsinghjayanti,,%23gurugobindsinghjayanti,32699.0,Chennai,IN,2021-01-20T08:48:21Z,2020-12-30T07:59:22Z
129,#whendoesitstop,http://twitter.com/search?q=%23whendoesitstop,,%23whendoesitstop,11628.0,Chennai,IN,2021-01-20T08:48:21Z,2020-12-30T07:59:22Z
130,#CongressBetrayedFarmers,http://twitter.com/search?q=%23CongressBetrayedFarmers,,%23CongressBetrayedFarmers,23573.0,Chennai,IN,2021-01-20T08:48:21Z,2020-12-30T07:59:22Z
131,#AjitDoval,http://twitter.com/search?q=%23AjitDoval,,%23AjitDoval,,Chennai,IN,2021-01-20T08:48:21Z,2020-12-30T07:59:22Z
132,#Kamalam,http://twitter.com/search?q=%23Kamalam,,%23Kamalam,,Chennai,IN,2021-01-20T08:48:21Z,2020-12-30T07:59:22Z
133,#dragonfruit,http://twitter.com/search?q=%23dragonfruit,,%23dragonfruit,,Chennai,IN,2021-01-20T08:48:21Z,2020-12-30T07:59:22Z
134,#SanskariFruitSabzi,http://twitter.com/search?q=%23SanskariFruitSabzi,,%23SanskariFruitSabzi,,Chennai,IN,2021-01-20T08:48:21Z,2020-12-30T07:59:22Z
135,#GaddarBJPArnab,http://twitter.com/search?q=%23GaddarBJPArnab,,%23GaddarBJPArnab,,Chennai,IN,2021-01-20T08:48:21Z,2020-12-30T07:59:22Z
136,#wednesdaythought,http://twitter.com/search?q=%23wednesdaythought,,%23wednesdaythought,18116.0,Chennai,IN,2021-01-20T08:48:21Z,2020-12-30T07:59:22Z
137,#JackMa,http://twitter.com/search?q=%23JackMa,,%23JackMa,,Chennai,IN,2021-01-20T08:48:21Z,2020-12-30T07:59:22Z
138,#IPL2021,http://twitter.com/search?q=%23IPL2021,,%23IPL2021,,Chennai,IN,2021-01-20T08:48:21Z,2020-12-30T07:59:22Z
139,#गुरु_गोविंद_सिंह_जयंती,http://twitter.com/search?q=%23%E0%A4%97%E0%A5%81%E0%A4%B0%E0%A5%81_%E0%A4%97%E0%A5%8B%E0%A4%B5%E0%A4%BF%E0%A4%82%E0%A4%A6_%E0%A4%B8%E0%A4%BF%E0%A4%82%E0%A4%B9_%E0%A4%9C%E0%A4%AF%E0%A4%82%E0%A4%A4%E0%A5%80,,%23%E0%A4%97%E0%A5%81%E0%A4%B0%E0%A5%81_%E0%A4%97%E0%A5%8B%E0%A4%B5%E0%A4%BF%E0%A4%82%E0%A4%A6_%E0%A4%B8%E0%A4%BF%E0%A4%82%E0%A4%B9_%E0%A4%9C%E0%A4%AF%E0%A4%82%E0%A4%A4%E0%A5%80,,Chennai,IN,2021-01-20T08:48:21Z,2020-12-30T07:59:22Z
140,#ਨਿਸਚੈ_ਕਰਿ_ਅਪੁਨੀ_ਜੀਤ_ਕਰੋ,http://twitter.com/search?q=%23%E0%A8%A8%E0%A8%BF%E0%A8%B8%E0%A8%9A%E0%A9%88_%E0%A8%95%E0%A8%B0%E0%A8%BF_%E0%A8%85%E0%A8%AA%E0%A9%81%E0%A8%A8%E0%A9%80_%E0%A8%9C%E0%A9%80%E0%A8%A4_%E0%A8%95%E0%A8%B0%E0%A9%8B,,%23%E0%A8%A8%E0%A8%BF%E0%A8%B8%E0%A8%9A%E0%A9%88_%E0%A8%95%E0%A8%B0%E0%A8%BF_%E0%A8%85%E0%A8%AA%E0%A9%81%E0%A8%A8%E0%A9%80_%E0%A8%9C%E0%A9%80%E0%A8%A4_%E0%A8%95%E0%A8%B0%E0%A9%8B,107829.0,Chennai,IN,2021-01-20T08:48:21Z,2020-12-30T07:59:22Z
141,#குட்காஊழல்_அதிமுக,http://twitter.com/search?q=%23%E0%AE%95%E0%AF%81%E0%AE%9F%E0%AF%8D%E0%AE%95%E0%AE%BE%E0%AE%8A%E0%AE%B4%E0%AE%B2%E0%AF%8D_%E0%AE%85%E0%AE%A4%E0%AE%BF%E0%AE%AE%E0%AF%81%E0%AE%95,,%23%E0%AE%95%E0%AF%81%E0%AE%9F%E0%AF%8D%E0%AE%95%E0%AE%BE%E0%AE%8A%E0%AE%B4%E0%AE%B2%E0%AF%8D_%E0%AE%85%E0%AE%A4%E0%AE%BF%E0%AE%AE%E0%AF%81%E0%AE%95,,Chennai,IN,2021-01-20T08:48:21Z,2020-12-30T07:59:22Z
142,#GraminAwaasSabkePass,http://twitter.com/search?q=%23GraminAwaasSabkePass,,%23GraminAwaasSabkePass,19642.0,Chennai,IN,2021-01-20T08:48:21Z,2020-12-30T07:59:22Z
143,#PMAYGramin,http://twitter.com/search?q=%23PMAYGramin,,%23PMAYGramin,,Chennai,IN,2021-01-20T08:48:21Z,2020-12-30T07:59:22Z
144,#PittaKathalu,http://twitter.com/search?q=%23PittaKathalu,,%23PittaKathalu,,Chennai,IN,2021-01-20T08:48:21Z,2020-12-30T07:59:22Z
145,#お前ら誰が主人公の大河が見たいんだ,http://twitter.com/search?q=%23%E3%81%8A%E5%89%8D%E3%82%89%E8%AA%B0%E3%81%8C%E4%B8%BB%E4%BA%BA%E5%85%AC%E3%81%AE%E5%A4%A7%E6%B2%B3%E3%81%8C%E8%A6%8B%E3%81%9F%E3%81%84%E3%82%93%E3%81%A0,,%23%E3%81%8A%E5%89%8D%E3%82%89%E8%AA%B0%E3%81%8C%E4%B8%BB%E4%BA%BA%E5%85%AC%E3%81%AE%E5%A4%A7%E6%B2%B3%E3%81%8C%E8%A6%8B%E3%81%9F%E3%81%84%E3%82%93%E3%81%A0,16144.0,Worldwide,WW,2021-01-20T08:48:22Z,2021-01-18T00:19:28Z
146,ハーフミリオン,http://twitter.com/search?q=%E3%83%8F%E3%83%BC%E3%83%95%E3%83%9F%E3%83%AA%E3%82%AA%E3%83%B3,,%E3%83%8F%E3%83%BC%E3%83%95%E3%83%9F%E3%83%AA%E3%82%AA%E3%83%B3,13948.0,Worldwide,WW,2021-01-20T08:48:22Z,2021-01-18T00:19:28Z
147,ストーカー気質,http://twitter.com/search?q=%E3%82%B9%E3%83%88%E3%83%BC%E3%82%AB%E3%83%BC%E6%B0%97%E8%B3%AA,,%E3%82%B9%E3%83%88%E3%83%BC%E3%82%AB%E3%83%BC%E6%B0%97%E8%B3%AA,,Worldwide,WW,2021-01-20T08:48:22Z,2021-01-18T00:19:28Z
148,Kodak,http://twitter.com/search?q=Kodak,,Kodak,89192.0,Worldwide,WW,2021-01-20T08:48:22Z,2021-01-18T00:19:28Z
149,#regl,http://twitter.com/search?q=%23regl,,%23regl,,Worldwide,WW,2021-01-20T08:48:22Z,2021-01-18T00:19:28Z
150,ヤバめのヤンデレ,http://twitter.com/search?q=%E3%83%A4%E3%83%90%E3%82%81%E3%81%AE%E3%83%A4%E3%83%B3%E3%83%87%E3%83%AC,,%E3%83%A4%E3%83%90%E3%82%81%E3%81%AE%E3%83%A4%E3%83%B3%E3%83%87%E3%83%AC,,Worldwide,WW,2021-01-20T08:48:22Z,2021-01-18T00:19:28Z
151,#SEE_YOON_SOON,http://twitter.com/search?q=%23SEE_YOON_SOON,,%23SEE_YOON_SOON,19239.0,Worldwide,WW,2021-01-20T08:48:22Z,2021-01-18T00:19:28Z
152,依存と執着,http://twitter.com/search?q=%E4%BE%9D%E5%AD%98%E3%81%A8%E5%9F%B7%E7%9D%80,,%E4%BE%9D%E5%AD%98%E3%81%A8%E5%9F%B7%E7%9D%80,,Worldwide,WW,2021-01-20T08:48:22Z,2021-01-18T00:19:28Z
153,#あなたのヤンデレレベル診断,http://twitter.com/search?q=%23%E3%81%82%E3%81%AA%E3%81%9F%E3%81%AE%E3%83%A4%E3%83%B3%E3%83%87%E3%83%AC%E3%83%AC%E3%83%99%E3%83%AB%E8%A8%BA%E6%96%AD,,%23%E3%81%82%E3%81%AA%E3%81%9F%E3%81%AE%E3%83%A4%E3%83%B3%E3%83%87%E3%83%AC%E3%83%AC%E3%83%99%E3%83%AB%E8%A8%BA%E6%96%AD,,Worldwide,WW,2021-01-20T08:48:22Z,2021-01-18T00:19:28Z
154,邪魔者の排除,http://twitter.com/search?q=%E9%82%AA%E9%AD%94%E8%80%85%E3%81%AE%E6%8E%92%E9%99%A4,,%E9%82%AA%E9%AD%94%E8%80%85%E3%81%AE%E6%8E%92%E9%99%A4,,Worldwide,WW,2021-01-20T08:48:22Z,2021-01-18T00:19:28Z
155,独占欲の深さ,http://twitter.com/search?q=%E7%8B%AC%E5%8D%A0%E6%AC%B2%E3%81%AE%E6%B7%B1%E3%81%95,,%E7%8B%AC%E5%8D%A0%E6%AC%B2%E3%81%AE%E6%B7%B1%E3%81%95,,Worldwide,WW,2021-01-20T08:48:22Z,2021-01-18T00:19:28Z
156,#ラスバレ,http://twitter.com/search?q=%23%E3%83%A9%E3%82%B9%E3%83%90%E3%83%AC,,%23%E3%83%A9%E3%82%B9%E3%83%90%E3%83%AC,36695.0,Worldwide,WW,2021-01-20T08:48:22Z,2021-01-18T00:19:28Z
157,独自の世界観,http://twitter.com/search?q=%E7%8B%AC%E8%87%AA%E3%81%AE%E4%B8%96%E7%95%8C%E8%A6%B3,,%E7%8B%AC%E8%87%AA%E3%81%AE%E4%B8%96%E7%95%8C%E8%A6%B3,,Worldwide,WW,2021-01-20T08:48:22Z,2021-01-18T00:19:28Z
158,Steve Bannon,http://twitter.com/search?q=%22Steve+Bannon%22,,%22Steve+Bannon%22,98019.0,Worldwide,WW,2021-01-20T08:48:22Z,2021-01-18T00:19:28Z
159,ノミネート,http://twitter.com/search?q=%E3%83%8E%E3%83%9F%E3%83%8D%E3%83%BC%E3%83%88,,%E3%83%8E%E3%83%9F%E3%83%8D%E3%83%BC%E3%83%88,,Worldwide,WW,2021-01-20T08:48:22Z,2021-01-18T00:19:28Z
160,被害妄想の強さ,http://twitter.com/search?q=%E8%A2%AB%E5%AE%B3%E5%A6%84%E6%83%B3%E3%81%AE%E5%BC%B7%E3%81%95,,%E8%A2%AB%E5%AE%B3%E5%A6%84%E6%83%B3%E3%81%AE%E5%BC%B7%E3%81%95,,Worldwide,WW,2021-01-20T08:48:22Z,2021-01-18T00:19:28Z
161,疑い深さ,http://twitter.com/search?q=%E7%96%91%E3%81%84%E6%B7%B1%E3%81%95,,%E7%96%91%E3%81%84%E6%B7%B1%E3%81%95,,Worldwide,WW,2021-01-20T08:48:22Z,2021-01-18T00:19:28Z
162,友達の少なさ,http://twitter.com/search?q=%E5%8F%8B%E9%81%94%E3%81%AE%E5%B0%91%E3%81%AA%E3%81%95,,%E5%8F%8B%E9%81%94%E3%81%AE%E5%B0%91%E3%81%AA%E3%81%95,,Worldwide,WW,2021-01-20T08:48:22Z,2021-01-18T00:19:28Z
163,単独行動,http://twitter.com/search?q=%E5%8D%98%E7%8B%AC%E8%A1%8C%E5%8B%95,,%E5%8D%98%E7%8B%AC%E8%A1%8C%E5%8B%95,,Worldwide,WW,2021-01-20T08:48:22Z,2021-01-18T00:19:28Z
164,心淋し川,http://twitter.com/search?q=%E5%BF%83%E6%B7%8B%E3%81%97%E5%B7%9D,,%E5%BF%83%E6%B7%8B%E3%81%97%E5%B7%9D,,Worldwide,WW,2021-01-20T08:48:22Z,2021-01-18T00:19:28Z
165,本社ビル売却検討,http://twitter.com/search?q=%E6%9C%AC%E7%A4%BE%E3%83%93%E3%83%AB%E5%A3%B2%E5%8D%B4%E6%A4%9C%E8%A8%8E,,%E6%9C%AC%E7%A4%BE%E3%83%93%E3%83%AB%E5%A3%B2%E5%8D%B4%E6%A4%9C%E8%A8%8E,,Worldwide,WW,2021-01-20T08:48:22Z,2021-01-18T00:19:28Z
166,ソーンズ,http://twitter.com/search?q=%E3%82%BD%E3%83%BC%E3%83%B3%E3%82%BA,,%E3%82%BD%E3%83%BC%E3%83%B3%E3%82%BA,,Worldwide,WW,2021-01-20T08:48:22Z,2021-01-18T00:19:28Z
167,Pinky Webb,http://twitter.com/search?q=%22Pinky+Webb%22,,%22Pinky+Webb%22,,Worldwide,WW,2021-01-20T08:48:22Z,2021-01-18T00:19:28Z
168,公式マーク,http://twitter.com/search?q=%E5%85%AC%E5%BC%8F%E3%83%9E%E3%83%BC%E3%82%AF,,%E5%85%AC%E5%BC%8F%E3%83%9E%E3%83%BC%E3%82%AF,15453.0,Worldwide,WW,2021-01-20T08:48:22Z,2021-01-18T00:19:28Z
169,宇佐見りんさん,http://twitter.com/search?q=%E5%AE%87%E4%BD%90%E8%A6%8B%E3%82%8A%E3%82%93%E3%81%95%E3%82%93,,%E5%AE%87%E4%BD%90%E8%A6%8B%E3%82%8A%E3%82%93%E3%81%95%E3%82%93,,Worldwide,WW,2021-01-20T08:48:22Z,2021-01-18T00:19:28Z
170,自己肯定感,http://twitter.com/search?q=%E8%87%AA%E5%B7%B1%E8%82%AF%E5%AE%9A%E6%84%9F,,%E8%87%AA%E5%B7%B1%E8%82%AF%E5%AE%9A%E6%84%9F,,Worldwide,WW,2021-01-20T08:48:22Z,2021-01-18T00:19:28Z
171,国内最大級の3000億円規模,http://twitter.com/search?q=%E5%9B%BD%E5%86%85%E6%9C%80%E5%A4%A7%E7%B4%9A%E3%81%AE3000%E5%84%84%E5%86%86%E8%A6%8F%E6%A8%A1,,%E5%9B%BD%E5%86%85%E6%9C%80%E5%A4%A7%E7%B4%9A%E3%81%AE3000%E5%84%84%E5%86%86%E8%A6%8F%E6%A8%A1,,Worldwide,WW,2021-01-20T08:48:22Z,2021-01-18T00:19:28Z
172,西條奈加さん,http://twitter.com/search?q=%E8%A5%BF%E6%A2%9D%E5%A5%88%E5%8A%A0%E3%81%95%E3%82%93,,%E8%A5%BF%E6%A2%9D%E5%A5%88%E5%8A%A0%E3%81%95%E3%82%93,,Worldwide,WW,2021-01-20T08:48:22Z,2021-01-18T00:19:28Z
173,최애 음식,http://twitter.com/search?q=%22%EC%B5%9C%EC%95%A0+%EC%9D%8C%EC%8B%9D%22,,%22%EC%B5%9C%EC%95%A0+%EC%9D%8C%EC%8B%9D%22,,Worldwide,WW,2021-01-20T08:48:22Z,2021-01-18T00:19:28Z
174,スタバの新作,http://twitter.com/search?q=%E3%82%B9%E3%82%BF%E3%83%90%E3%81%AE%E6%96%B0%E4%BD%9C,,%E3%82%B9%E3%82%BF%E3%83%90%E3%81%AE%E6%96%B0%E4%BD%9C,35244.0,Worldwide,WW,2021-01-20T08:48:22Z,2021-01-18T00:19:28Z
175,Kwame Kilpatrick,http://twitter.com/search?q=%22Kwame+Kilpatrick%22,,%22Kwame+Kilpatrick%22,15754.0,Worldwide,WW,2021-01-20T08:48:22Z,2021-01-18T00:19:28Z
176,アサルトリリィ,http://twitter.com/search?q=%E3%82%A2%E3%82%B5%E3%83%AB%E3%83%88%E3%83%AA%E3%83%AA%E3%82%A3,,%E3%82%A2%E3%82%B5%E3%83%AB%E3%83%88%E3%83%AA%E3%83%AA%E3%82%A3,33372.0,Worldwide,WW,2021-01-20T08:48:22Z,2021-01-18T00:19:28Z
177,TwitterSeriGt Açıldı,http://twitter.com/search?q=%22TwitterSeriGt+A%C3%A7%C4%B1ld%C4%B1%22,,%22TwitterSeriGt+A%C3%A7%C4%B1ld%C4%B1%22,,Worldwide,WW,2021-01-20T08:48:22Z,2021-01-18T00:19:28Z
178,Joe Exotic,http://twitter.com/search?q=%22Joe+Exotic%22,,%22Joe+Exotic%22,46480.0,Worldwide,WW,2021-01-20T08:48:22Z,2021-01-18T00:19:28Z
179,電通グループ,http://twitter.com/search?q=%E9%9B%BB%E9%80%9A%E3%82%B0%E3%83%AB%E3%83%BC%E3%83%97,,%E9%9B%BB%E9%80%9A%E3%82%B0%E3%83%AB%E3%83%BC%E3%83%97,,Worldwide,WW,2021-01-20T08:48:22Z,2021-01-18T00:19:28Z
180,최애 라면,http://twitter.com/search?q=%22%EC%B5%9C%EC%95%A0+%EB%9D%BC%EB%A9%B4%22,,%22%EC%B5%9C%EC%95%A0+%EB%9D%BC%EB%A9%B4%22,,Worldwide,WW,2021-01-20T08:48:22Z,2021-01-18T00:19:28Z
181,BELLE LOVES KAPAMILYA,http://twitter.com/search?q=%22BELLE+LOVES+KAPAMILYA%22,,%22BELLE+LOVES+KAPAMILYA%22,,Worldwide,WW,2021-01-20T08:48:22Z,2021-01-18T00:19:28Z
182,フラゲ日,http://twitter.com/search?q=%E3%83%95%E3%83%A9%E3%82%B2%E6%97%A5,,%E3%83%95%E3%83%A9%E3%82%B2%E6%97%A5,19308.0,Worldwide,WW,2021-01-20T08:48:22Z,2021-01-18T00:19:28Z
183,アンドレアナ,http://twitter.com/search?q=%E3%82%A2%E3%83%B3%E3%83%89%E3%83%AC%E3%82%A2%E3%83%8A,,%E3%82%A2%E3%83%B3%E3%83%89%E3%83%AC%E3%82%A2%E3%83%8A,,Worldwide,WW,2021-01-20T08:48:22Z,2021-01-18T00:19:28Z
184,シゲちゃん,http://twitter.com/search?q=%E3%82%B7%E3%82%B2%E3%81%A1%E3%82%83%E3%82%93,,%E3%82%B7%E3%82%B2%E3%81%A1%E3%82%83%E3%82%93,,Worldwide,WW,2021-01-20T08:48:22Z,2021-01-18T00:19:28Z
185,数千億円規模,http://twitter.com/search?q=%E6%95%B0%E5%8D%83%E5%84%84%E5%86%86%E8%A6%8F%E6%A8%A1,,%E6%95%B0%E5%8D%83%E5%84%84%E5%86%86%E8%A6%8F%E6%A8%A1,,Worldwide,WW,2021-01-20T08:48:22Z,2021-01-18T00:19:28Z
186,法的問題,http://twitter.com/search?q=%E6%B3%95%E7%9A%84%E5%95%8F%E9%A1%8C,,%E6%B3%95%E7%9A%84%E5%95%8F%E9%A1%8C,,Worldwide,WW,2021-01-20T08:48:22Z,2021-01-18T00:19:28Z
187,セブチ編,http://twitter.com/search?q=%E3%82%BB%E3%83%96%E3%83%81%E7%B7%A8,,%E3%82%BB%E3%83%96%E3%83%81%E7%B7%A8,,Worldwide,WW,2021-01-20T08:48:22Z,2021-01-18T00:19:28Z
188,新作いちご飲料,http://twitter.com/search?q=%E6%96%B0%E4%BD%9C%E3%81%84%E3%81%A1%E3%81%94%E9%A3%B2%E6%96%99,,%E6%96%B0%E4%BD%9C%E3%81%84%E3%81%A1%E3%81%94%E9%A3%B2%E6%96%99,,Worldwide,WW,2021-01-20T08:48:22Z,2021-01-18T00:19:28Z
189,羽田空港アクセス線,http://twitter.com/search?q=%E7%BE%BD%E7%94%B0%E7%A9%BA%E6%B8%AF%E3%82%A2%E3%82%AF%E3%82%BB%E3%82%B9%E7%B7%9A,,%E7%BE%BD%E7%94%B0%E7%A9%BA%E6%B8%AF%E3%82%A2%E3%82%AF%E3%82%BB%E3%82%B9%E7%B7%9A,,Worldwide,WW,2021-01-20T08:48:22Z,2021-01-18T00:19:28Z
190,Patriot Party,http://twitter.com/search?q=%22Patriot+Party%22,,%22Patriot+Party%22,74613.0,Worldwide,WW,2021-01-20T08:48:22Z,2021-01-18T00:19:28Z
191,Harry Roque,http://twitter.com/search?q=%22Harry+Roque%22,,%22Harry+Roque%22,,Worldwide,WW,2021-01-20T08:48:22Z,2021-01-18T00:19:28Z
192,riddletkhr,http://twitter.com/search?q=riddletkhr,,riddletkhr,,Worldwide,WW,2021-01-20T08:48:22Z,2021-01-18T00:19:28Z
193,Bobby Shmurda,http://twitter.com/search?q=%22Bobby+Shmurda%22,,%22Bobby+Shmurda%22,,Worldwide,WW,2021-01-20T08:48:22Z,2021-01-18T00:19:28Z
194,Tay K,http://twitter.com/search?q=%22Tay+K%22,,%22Tay+K%22,,Worldwide,WW,2021-01-20T08:48:22Z,2021-01-18T00:19:28Z
195,Kodak,http://twitter.com/search?q=Kodak,,Kodak,89192.0,UnitedStates,US,2021-01-20T08:48:22Z,2021-01-18T00:19:28Z
196,Bannon,http://twitter.com/search?q=Bannon,,Bannon,169555.0,UnitedStates,US,2021-01-20T08:48:22Z,2021-01-18T00:19:28Z
197,Kwame Kilpatrick,http://twitter.com/search?q=%22Kwame+Kilpatrick%22,,%22Kwame+Kilpatrick%22,15738.0,UnitedStates,US,2021-01-20T08:48:22Z,2021-01-18T00:19:28Z
198,Joe Exotic,http://twitter.com/search?q=%22Joe+Exotic%22,,%22Joe+Exotic%22,46480.0,UnitedStates,US,2021-01-20T08:48:22Z,2021-01-18T00:19:28Z
199,#hispanicmcyttwtselfieday,http://twitter.com/search?q=%23hispanicmcyttwtselfieday,,%23hispanicmcyttwtselfieday,,UnitedStates,US,2021-01-20T08:48:22Z,2021-01-18T00:19:28Z
200,#InaugurationDay,http://twitter.com/search?q=%23InaugurationDay,,%23InaugurationDay,99044.0,UnitedStates,US,2021-01-20T08:48:22Z,2021-01-18T00:19:28Z
201,Tay K,http://twitter.com/search?q=%22Tay+K%22,,%22Tay+K%22,,UnitedStates,US,2021-01-20T08:48:22Z,2021-01-18T00:19:28Z
202,Bobby Shmurda,http://twitter.com/search?q=%22Bobby+Shmurda%22,,%22Bobby+Shmurda%22,,UnitedStates,US,2021-01-20T08:48:22Z,2021-01-18T00:19:28Z
203,Patriot Party,http://twitter.com/search?q=%22Patriot+Party%22,,%22Patriot+Party%22,74613.0,UnitedStates,US,2021-01-20T08:48:22Z,2021-01-18T00:19:28Z
204,Springer,http://twitter.com/search?q=Springer,,Springer,46196.0,UnitedStates,US,2021-01-20T08:48:22Z,2021-01-18T00:19:28Z
205,Claudia Conway,http://twitter.com/search?q=%22Claudia+Conway%22,,%22Claudia+Conway%22,47891.0,UnitedStates,US,2021-01-20T08:48:22Z,2021-01-18T00:19:28Z
206,Snowden,http://twitter.com/search?q=Snowden,,Snowden,73010.0,UnitedStates,US,2021-01-20T08:48:22Z,2021-01-18T00:19:28Z
207,Melly,http://twitter.com/search?q=Melly,,Melly,,UnitedStates,US,2021-01-20T08:48:22Z,2021-01-18T00:19:28Z
208,Assange,http://twitter.com/search?q=Assange,,Assange,264955.0,UnitedStates,US,2021-01-20T08:48:22Z,2021-01-18T00:19:28Z
209,#TrumpPardon,http://twitter.com/search?q=%23TrumpPardon,,%23TrumpPardon,,UnitedStates,US,2021-01-20T08:48:22Z,2021-01-18T00:19:28Z
210,Christmas Eve,http://twitter.com/search?q=%22Christmas+Eve%22,,%22Christmas+Eve%22,36565.0,UnitedStates,US,2021-01-20T08:48:22Z,2021-01-18T00:19:28Z
211,#GoodbyeDonnie,http://twitter.com/search?q=%23GoodbyeDonnie,,%23GoodbyeDonnie,43906.0,UnitedStates,US,2021-01-20T08:48:22Z,2021-01-18T00:19:28Z
212,Blue Jays,http://twitter.com/search?q=%22Blue+Jays%22,,%22Blue+Jays%22,19592.0,UnitedStates,US,2021-01-20T08:48:22Z,2021-01-18T00:19:28Z
213,FASFA,http://twitter.com/search?q=FASFA,,FASFA,,UnitedStates,US,2021-01-20T08:48:22Z,2021-01-18T00:19:28Z
214,RIP Baby CEO,http://twitter.com/search?q=%22RIP+Baby+CEO%22,,%22RIP+Baby+CEO%22,,UnitedStates,US,2021-01-20T08:48:22Z,2021-01-18T00:19:28Z
215,Tiger King,http://twitter.com/search?q=%22Tiger+King%22,,%22Tiger+King%22,16162.0,UnitedStates,US,2021-01-20T08:48:22Z,2021-01-18T00:19:28Z
216,Positive Vibes,http://twitter.com/search?q=%22Positive+Vibes%22,,%22Positive+Vibes%22,,UnitedStates,US,2021-01-20T08:48:22Z,2021-01-18T00:19:28Z
217,Weezy,http://twitter.com/search?q=Weezy,,Weezy,,UnitedStates,US,2021-01-20T08:48:22Z,2021-01-18T00:19:28Z
218,#SnackableMovies,http://twitter.com/search?q=%23SnackableMovies,,%23SnackableMovies,,UnitedStates,US,2021-01-20T08:48:22Z,2021-01-18T00:19:28Z
219,Kellyanne,http://twitter.com/search?q=Kellyanne,,Kellyanne,38241.0,UnitedStates,US,2021-01-20T08:48:22Z,2021-01-18T00:19:28Z
220,Paul Erickson,http://twitter.com/search?q=%22Paul+Erickson%22,,%22Paul+Erickson%22,,UnitedStates,US,2021-01-20T08:48:22Z,2021-01-18T00:19:28Z
221,anthony levandowski,http://twitter.com/search?q=%22anthony+levandowski%22,,%22anthony+levandowski%22,,UnitedStates,US,2021-01-20T08:48:22Z,2021-01-18T00:19:28Z
222,Diamond and Silk,http://twitter.com/search?q=%22Diamond+and+Silk%22,,%22Diamond+and+Silk%22,,UnitedStates,US,2021-01-20T08:48:22Z,2021-01-18T00:19:28Z
223,Elliott Broidy,http://twitter.com/search?q=%22Elliott+Broidy%22,,%22Elliott+Broidy%22,,UnitedStates,US,2021-01-20T08:48:22Z,2021-01-18T00:19:28Z
224,FAFSA,http://twitter.com/search?q=FAFSA,,FAFSA,14039.0,UnitedStates,US,2021-01-20T08:48:22Z,2021-01-18T00:19:28Z
225,Duke Cunningham,http://twitter.com/search?q=%22Duke+Cunningham%22,,%22Duke+Cunningham%22,,UnitedStates,US,2021-01-20T08:48:22Z,2021-01-18T00:19:28Z
226,Karl Malone,http://twitter.com/search?q=%22Karl+Malone%22,,%22Karl+Malone%22,16853.0,UnitedStates,US,2021-01-20T08:48:22Z,2021-01-18T00:19:28Z
227,Astros,http://twitter.com/search?q=Astros,,Astros,,UnitedStates,US,2021-01-20T08:48:22Z,2021-01-18T00:19:28Z
228,Aquarius,http://twitter.com/search?q=Aquarius,,Aquarius,177112.0,UnitedStates,US,2021-01-20T08:48:22Z,2021-01-18T00:19:28Z
229,Baekhyun,http://twitter.com/search?q=Baekhyun,,Baekhyun,333878.0,UnitedStates,US,2021-01-20T08:48:22Z,2021-01-18T00:19:28Z
230,Vice President,http://twitter.com/search?q=%22Vice+President%22,,%22Vice+President%22,233550.0,UnitedStates,US,2021-01-20T08:48:22Z,2021-01-18T00:19:28Z
231,Conforto,http://twitter.com/search?q=Conforto,,Conforto,10876.0,UnitedStates,US,2021-01-20T08:48:22Z,2021-01-18T00:19:28Z
232,Peloton,http://twitter.com/search?q=Peloton,,Peloton,15501.0,UnitedStates,US,2021-01-20T08:48:22Z,2021-01-18T00:19:28Z
233,Toronto,http://twitter.com/search?q=Toronto,,Toronto,38673.0,UnitedStates,US,2021-01-20T08:48:22Z,2021-01-18T00:19:28Z
234,casey urlacher,http://twitter.com/search?q=%22casey+urlacher%22,,%22casey+urlacher%22,,UnitedStates,US,2021-01-20T08:48:22Z,2021-01-18T00:19:28Z
235,Bauer,http://twitter.com/search?q=Bauer,,Bauer,,UnitedStates,US,2021-01-20T08:48:22Z,2021-01-18T00:19:28Z
236,Meech,http://twitter.com/search?q=Meech,,Meech,,UnitedStates,US,2021-01-20T08:48:22Z,2021-01-18T00:19:28Z
237,Carole Baskin,http://twitter.com/search?q=%22Carole+Baskin%22,,%22Carole+Baskin%22,,UnitedStates,US,2021-01-20T08:48:22Z,2021-01-18T00:19:28Z
238,Jalen Johnson,http://twitter.com/search?q=%22Jalen+Johnson%22,,%22Jalen+Johnson%22,,UnitedStates,US,2021-01-20T08:48:22Z,2021-01-18T00:19:28Z
239,Quintana,http://twitter.com/search?q=Quintana,,Quintana,,UnitedStates,US,2021-01-20T08:48:22Z,2021-01-18T00:19:28Z
240,wooyoung,http://twitter.com/search?q=wooyoung,,wooyoung,17327.0,UnitedStates,US,2021-01-20T08:48:22Z,2021-01-18T00:19:28Z
241,Kamala,http://twitter.com/search?q=Kamala,,Kamala,285011.0,UnitedStates,US,2021-01-20T08:48:22Z,2021-01-18T00:19:28Z
242,Face ID,http://twitter.com/search?q=%22Face+ID%22,,%22Face+ID%22,26773.0,UnitedStates,US,2021-01-20T08:48:22Z,2021-01-18T00:19:28Z
243,Larry Hoover,http://twitter.com/search?q=%22Larry+Hoover%22,,%22Larry+Hoover%22,,UnitedStates,US,2021-01-20T08:48:22Z,2021-01-18T00:19:28Z
244,Drown,http://twitter.com/search?q=Drown,,Drown,54184.0,UnitedStates,US,2021-01-20T08:48:22Z,2021-01-18T00:19:28Z
245,#FFBWednesday,http://twitter.com/search?q=%23FFBWednesday,,%23FFBWednesday,,UnitedKingdom,UK,2021-01-20T08:48:22Z,2021-01-18T00:19:28Z
246,#InaugurationDay,http://twitter.com/search?q=%23InaugurationDay,,%23InaugurationDay,99044.0,UnitedKingdom,UK,2021-01-20T08:48:22Z,2021-01-18T00:19:28Z
247,#wednesdaythought,http://twitter.com/search?q=%23wednesdaythought,,%23wednesdaythought,18151.0,UnitedKingdom,UK,2021-01-20T08:48:22Z,2021-01-18T00:19:28Z
248,Steve Bannon,http://twitter.com/search?q=%22Steve+Bannon%22,,%22Steve+Bannon%22,98019.0,UnitedKingdom,UK,2021-01-20T08:48:22Z,2021-01-18T00:19:28Z
249,#WednesdayMotivation,http://twitter.com/search?q=%23WednesdayMotivation,,%23WednesdayMotivation,13975.0,UnitedKingdom,UK,2021-01-20T08:48:22Z,2021-01-18T00:19:28Z
250,RIP Doris,http://twitter.com/search?q=%22RIP+Doris%22,,%22RIP+Doris%22,,UnitedKingdom,UK,2021-01-20T08:48:22Z,2021-01-18T00:19:28Z
251,Roger Daltrey,http://twitter.com/search?q=%22Roger+Daltrey%22,,%22Roger+Daltrey%22,,UnitedKingdom,UK,2021-01-20T08:48:22Z,2021-01-18T00:19:28Z
252,#BBCBreakfast,http://twitter.com/search?q=%23BBCBreakfast,,%23BBCBreakfast,,UnitedKingdom,UK,2021-01-20T08:48:22Z,2021-01-18T00:19:28Z
253,Theresa May,http://twitter.com/search?q=%22Theresa+May%22,,%22Theresa+May%22,,UnitedKingdom,UK,2021-01-20T08:48:22Z,2021-01-18T00:19:28Z
254,Happy 50th,http://twitter.com/search?q=%22Happy+50th%22,,%22Happy+50th%22,,UnitedKingdom,UK,2021-01-20T08:48:22Z,2021-01-18T00:19:28Z
255,Lil Wayne,http://twitter.com/search?q=%22Lil+Wayne%22,,%22Lil+Wayne%22,86210.0,UnitedKingdom,UK,2021-01-20T08:48:22Z,2021-01-18T00:19:28Z
256,Kodak Black,http://twitter.com/search?q=%22Kodak+Black%22,,%22Kodak+Black%22,60533.0,UnitedKingdom,UK,2021-01-20T08:48:22Z,2021-01-18T00:19:28Z
257,Joe Exotic,http://twitter.com/search?q=%22Joe+Exotic%22,,%22Joe+Exotic%22,46480.0,UnitedKingdom,UK,2021-01-20T08:48:22Z,2021-01-18T00:19:28Z
258,White House,http://twitter.com/search?q=%22White+House%22,,%22White+House%22,417100.0,UnitedKingdom,UK,2021-01-20T08:48:22Z,2021-01-18T00:19:28Z
259,Tom Baker,http://twitter.com/search?q=%22Tom+Baker%22,,%22Tom+Baker%22,,UnitedKingdom,UK,2021-01-20T08:48:22Z,2021-01-18T00:19:28Z
260,Susanna Reid,http://twitter.com/search?q=%22Susanna+Reid%22,,%22Susanna+Reid%22,,UnitedKingdom,UK,2021-01-20T08:48:22Z,2021-01-18T00:19:28Z
261,Janey,http://twitter.com/search?q=Janey,,Janey,,UnitedKingdom,UK,2021-01-20T08:48:22Z,2021-01-18T00:19:28Z
262,Currys,http://twitter.com/search?q=Currys,,Currys,,UnitedKingdom,UK,2021-01-20T08:48:22Z,2021-01-18T00:19:28Z
263,Linus,http://twitter.com/search?q=Linus,,Linus,,UnitedKingdom,UK,2021-01-20T08:48:22Z,2021-01-18T00:19:28Z
264,Grealish,http://twitter.com/search?q=Grealish,,Grealish,,UnitedKingdom,UK,2021-01-20T08:48:22Z,2021-01-18T00:19:28Z
265,Lisa Nandy,http://twitter.com/search?q=%22Lisa+Nandy%22,,%22Lisa+Nandy%22,,UnitedKingdom,UK,2021-01-20T08:48:22Z,2021-01-18T00:19:28Z
266,Good Morning Britain,http://twitter.com/search?q=%22Good+Morning+Britain%22,,%22Good+Morning+Britain%22,,UnitedKingdom,UK,2021-01-20T08:48:22Z,2021-01-18T00:19:28Z
267,Presidential,http://twitter.com/search?q=Presidential,,Presidential,191249.0,UnitedKingdom,UK,2021-01-20T08:48:22Z,2021-01-18T00:19:28Z
268,Snowden,http://twitter.com/search?q=Snowden,,Snowden,73010.0,UnitedKingdom,UK,2021-01-20T08:48:22Z,2021-01-18T00:19:28Z
269,Scraps,http://twitter.com/search?q=Scraps,,Scraps,,UnitedKingdom,UK,2021-01-20T08:48:22Z,2021-01-18T00:19:28Z
270,Assange,http://twitter.com/search?q=Assange,,Assange,264955.0,UnitedKingdom,UK,2021-01-20T08:48:22Z,2021-01-18T00:19:28Z
271,tiger king,http://twitter.com/search?q=%22tiger+king%22,,%22tiger+king%22,16162.0,UnitedKingdom,UK,2021-01-20T08:48:22Z,2021-01-18T00:19:28Z
272,Danny Ings,http://twitter.com/search?q=%22Danny+Ings%22,,%22Danny+Ings%22,,UnitedKingdom,UK,2021-01-20T08:48:22Z,2021-01-18T00:19:28Z
273,Batter,http://twitter.com/search?q=Batter,,Batter,,UnitedKingdom,UK,2021-01-20T08:48:22Z,2021-01-18T00:19:28Z
274,Willy Wonka,http://twitter.com/search?q=%22Willy+Wonka%22,,%22Willy+Wonka%22,34188.0,UnitedKingdom,UK,2021-01-20T08:48:22Z,2021-01-18T00:19:28Z
275,James Maddison,http://twitter.com/search?q=%22James+Maddison%22,,%22James+Maddison%22,,UnitedKingdom,UK,2021-01-20T08:48:22Z,2021-01-18T00:19:28Z
276,#r4today,http://twitter.com/search?q=%23r4today,,%23r4today,,UnitedKingdom,UK,2021-01-20T08:48:22Z,2021-01-18T00:19:28Z
277,#WednesdayWisdom,http://twitter.com/search?q=%23WednesdayWisdom,,%23WednesdayWisdom,,UnitedKingdom,UK,2021-01-20T08:48:22Z,2021-01-18T00:19:28Z
278,#whofish,http://twitter.com/search?q=%23whofish,,%23whofish,,UnitedKingdom,UK,2021-01-20T08:48:22Z,2021-01-18T00:19:28Z
279,#PenguinAwarenessDay,http://twitter.com/search?q=%23PenguinAwarenessDay,,%23PenguinAwarenessDay,,UnitedKingdom,UK,2021-01-20T08:48:22Z,2021-01-18T00:19:28Z
280,#Pardons,http://twitter.com/search?q=%23Pardons,,%23Pardons,,UnitedKingdom,UK,2021-01-20T08:48:22Z,2021-01-18T00:19:28Z
281,#wellbeingwednesday,http://twitter.com/search?q=%23wellbeingwednesday,,%23wellbeingwednesday,,UnitedKingdom,UK,2021-01-20T08:48:22Z,2021-01-18T00:19:28Z
282,#HappyBirthdayGary,http://twitter.com/search?q=%23HappyBirthdayGary,,%23HappyBirthdayGary,,UnitedKingdom,UK,2021-01-20T08:48:22Z,2021-01-18T00:19:28Z
283,#ByeTrump,http://twitter.com/search?q=%23ByeTrump,,%23ByeTrump,,UnitedKingdom,UK,2021-01-20T08:48:22Z,2021-01-18T00:19:28Z
284,#earlybiz,http://twitter.com/search?q=%23earlybiz,,%23earlybiz,,UnitedKingdom,UK,2021-01-20T08:48:22Z,2021-01-18T00:19:28Z
285,#TrumpsLastDay,http://twitter.com/search?q=%23TrumpsLastDay,,%23TrumpsLastDay,65294.0,UnitedKingdom,UK,2021-01-20T08:48:22Z,2021-01-18T00:19:28Z
286,#StormChristoph,http://twitter.com/search?q=%23StormChristoph,,%23StormChristoph,,UnitedKingdom,UK,2021-01-20T08:48:22Z,2021-01-18T00:19:28Z
287,#ps5stockuk,http://twitter.com/search?q=%23ps5stockuk,,%23ps5stockuk,,UnitedKingdom,UK,2021-01-20T08:48:22Z,2021-01-18T00:19:28Z
288,#CCAP,http://twitter.com/search?q=%23CCAP,,%23CCAP,,UnitedKingdom,UK,2021-01-20T08:48:22Z,2021-01-18T00:19:28Z
289,#GB50,http://twitter.com/search?q=%23GB50,,%23GB50,,UnitedKingdom,UK,2021-01-20T08:48:22Z,2021-01-18T00:19:28Z
290,#ByeDon,http://twitter.com/search?q=%23ByeDon,,%23ByeDon,17183.0,UnitedKingdom,UK,2021-01-20T08:48:22Z,2021-01-18T00:19:28Z
291,#voxmarkets,http://twitter.com/search?q=%23voxmarkets,,%23voxmarkets,,UnitedKingdom,UK,2021-01-20T08:48:22Z,2021-01-18T00:19:28Z
292,#SYME,http://twitter.com/search?q=%23SYME,,%23SYME,,UnitedKingdom,UK,2021-01-20T08:48:22Z,2021-01-18T00:19:28Z
293,#ripethan,http://twitter.com/search?q=%23ripethan,,%23ripethan,,UnitedKingdom,UK,2021-01-20T08:48:22Z,2021-01-18T00:19:28Z
294,#KamalaHarris,http://twitter.com/search?q=%23KamalaHarris,,%23KamalaHarris,,UnitedKingdom,UK,2021-01-20T08:48:22Z,2021-01-18T00:19:28Z
295,Jack ma,http://twitter.com/search?q=%22Jack+ma%22,,%22Jack+ma%22,12574.0,Singapore,SG,2021-01-20T08:48:23Z,2020-12-29T16:39:11Z
296,YOON,http://twitter.com/search?q=YOON,,YOON,71648.0,Singapore,SG,2021-01-20T08:48:23Z,2020-12-29T16:39:11Z
297,nayeon,http://twitter.com/search?q=nayeon,,nayeon,30138.0,Singapore,SG,2021-01-20T08:48:23Z,2020-12-29T16:39:11Z
298,Trump,http://twitter.com/search?q=Trump,,Trump,4705987.0,Singapore,SG,2021-01-20T08:48:23Z,2020-12-29T16:39:11Z
299,#China,http://twitter.com/search?q=%23China,,%23China,38751.0,Singapore,SG,2021-01-20T08:48:23Z,2020-12-29T16:39:11Z
300,Hong Kong,http://twitter.com/search?q=%22Hong+Kong%22,,%22Hong+Kong%22,29432.0,Singapore,SG,2021-01-20T08:48:23Z,2020-12-29T16:39:11Z
301,Japan,http://twitter.com/search?q=Japan,,Japan,634456.0,Singapore,SG,2021-01-20T08:48:23Z,2020-12-29T16:39:11Z
302,xiao,http://twitter.com/search?q=xiao,,xiao,118982.0,Singapore,SG,2021-01-20T08:48:23Z,2020-12-29T16:39:11Z
303,#IZONE,http://twitter.com/search?q=%23IZONE,,%23IZONE,39784.0,Singapore,SG,2021-01-20T08:48:23Z,2020-12-29T16:39:11Z
304,Google,http://twitter.com/search?q=Google,,Google,613052.0,Singapore,SG,2021-01-20T08:48:23Z,2020-12-29T16:39:11Z
305,YOUNGJAE,http://twitter.com/search?q=YOUNGJAE,,YOUNGJAE,83247.0,Singapore,SG,2021-01-20T08:48:23Z,2020-12-29T16:39:11Z
306,jeno,http://twitter.com/search?q=jeno,,jeno,81440.0,Singapore,SG,2021-01-20T08:48:23Z,2020-12-29T16:39:11Z
307,Biden,http://twitter.com/search?q=Biden,,Biden,2384138.0,Singapore,SG,2021-01-20T08:48:23Z,2020-12-29T16:39:11Z
308,wooyoung,http://twitter.com/search?q=wooyoung,,wooyoung,17337.0,Singapore,SG,2021-01-20T08:48:23Z,2020-12-29T16:39:11Z
309,#bbrightvc,http://twitter.com/search?q=%23bbrightvc,,%23bbrightvc,208608.0,Singapore,SG,2021-01-20T08:48:23Z,2020-12-29T16:39:11Z
310,DeFi,http://twitter.com/search?q=DeFi,,DeFi,73249.0,Singapore,SG,2021-01-20T08:48:23Z,2020-12-29T16:39:11Z
311,#EdwardBarber,http://twitter.com/search?q=%23EdwardBarber,,%23EdwardBarber,11590.0,Singapore,SG,2021-01-20T08:48:23Z,2020-12-29T16:39:11Z
312,#TrueBeauty,http://twitter.com/search?q=%23TrueBeauty,,%23TrueBeauty,25685.0,Singapore,SG,2021-01-20T08:48:23Z,2020-12-29T16:39:11Z
313,seulgi,http://twitter.com/search?q=seulgi,,seulgi,58094.0,Singapore,SG,2021-01-20T08:48:23Z,2020-12-29T16:39:11Z
314,changkyun,http://twitter.com/search?q=changkyun,,changkyun,34925.0,Singapore,SG,2021-01-20T08:48:23Z,2020-12-29T16:39:11Z
315,Korean,http://twitter.com/search?q=Korean,,Korean,207360.0,Singapore,SG,2021-01-20T08:48:23Z,2020-12-29T16:39:11Z
316,Disney,http://twitter.com/search?q=Disney,,Disney,165175.0,Singapore,SG,2021-01-20T08:48:23Z,2020-12-29T16:39:11Z
317,Indians,http://twitter.com/search?q=Indians,,Indians,69574.0,Singapore,SG,2021-01-20T08:48:23Z,2020-12-29T16:39:11Z
318,seungwoo,http://twitter.com/search?q=seungwoo,,seungwoo,,Singapore,SG,2021-01-20T08:48:23Z,2020-12-29T16:39:11Z
319,Asia,http://twitter.com/search?q=Asia,,Asia,83022.0,Singapore,SG,2021-01-20T08:48:23Z,2020-12-29T16:39:11Z
320,donghyun,http://twitter.com/search?q=donghyun,,donghyun,,Singapore,SG,2021-01-20T08:48:23Z,2020-12-29T16:39:11Z
321,chaeyoung,http://twitter.com/search?q=chaeyoung,,chaeyoung,23465.0,Singapore,SG,2021-01-20T08:48:23Z,2020-12-29T16:39:11Z
322,Gaga,http://twitter.com/search?q=Gaga,,Gaga,107542.0,Singapore,SG,2021-01-20T08:48:23Z,2020-12-29T16:39:11Z
323,Chelsea,http://twitter.com/search?q=Chelsea,,Chelsea,289242.0,Singapore,SG,2021-01-20T08:48:23Z,2020-12-29T16:39:11Z
324,LGBT,http://twitter.com/search?q=LGBT,,LGBT,69334.0,Singapore,SG,2021-01-20T08:48:23Z,2020-12-29T16:39:11Z
325,Yeap,http://twitter.com/search?q=Yeap,,Yeap,,Singapore,SG,2021-01-20T08:48:23Z,2020-12-29T16:39:11Z
326,gfriend,http://twitter.com/search?q=gfriend,,gfriend,64414.0,Singapore,SG,2021-01-20T08:48:23Z,2020-12-29T16:39:11Z
327,Tablo,http://twitter.com/search?q=Tablo,,Tablo,10050.0,Singapore,SG,2021-01-20T08:48:23Z,2020-12-29T16:39:11Z
328,Lampard,http://twitter.com/search?q=Lampard,,Lampard,163581.0,Singapore,SG,2021-01-20T08:48:23Z,2020-12-29T16:39:11Z
329,Uganda,http://twitter.com/search?q=Uganda,,Uganda,48872.0,Singapore,SG,2021-01-20T08:48:23Z,2020-12-29T16:39:11Z
330,Ahhhh,http://twitter.com/search?q=Ahhhh,,Ahhhh,32671.0,Singapore,SG,2021-01-20T08:48:23Z,2020-12-29T16:39:11Z
331,President,http://twitter.com/search?q=President,,President,2538707.0,Singapore,SG,2021-01-20T08:48:23Z,2020-12-29T16:39:11Z
332,Malaysian,http://twitter.com/search?q=Malaysian,,Malaysian,11047.0,Singapore,SG,2021-01-20T08:48:23Z,2020-12-29T16:39:11Z
333,Smeg,http://twitter.com/search?q=Smeg,,Smeg,,NewZealand,NZ,2021-01-20T08:48:23Z,2020-12-31T11:46:37Z
334,Steve Bannon,http://twitter.com/search?q=%22Steve+Bannon%22,,%22Steve+Bannon%22,98019.0,NewZealand,NZ,2021-01-20T08:48:23Z,2020-12-31T11:46:37Z
335,NCEA,http://twitter.com/search?q=NCEA,,NCEA,,NewZealand,NZ,2021-01-20T08:48:23Z,2020-12-31T11:46:37Z
336,Trump,http://twitter.com/search?q=Trump,,Trump,4705987.0,NewZealand,NZ,2021-01-20T08:48:23Z,2020-12-31T11:46:37Z
337,Joe Exotic,http://twitter.com/search?q=%22Joe+Exotic%22,,%22Joe+Exotic%22,46480.0,NewZealand,NZ,2021-01-20T08:48:23Z,2020-12-31T11:46:37Z
338,judith collins,http://twitter.com/search?q=%22judith+collins%22,,%22judith+collins%22,,NewZealand,NZ,2021-01-20T08:48:23Z,2020-12-31T11:46:37Z
339,Simon,http://twitter.com/search?q=Simon,,Simon,90553.0,NewZealand,NZ,2021-01-20T08:48:23Z,2020-12-31T11:46:37Z
340,#Inauguration2021,http://twitter.com/search?q=%23Inauguration2021,,%23Inauguration2021,98609.0,NewZealand,NZ,2021-01-20T08:48:23Z,2020-12-31T11:46:37Z
341,Biden,http://twitter.com/search?q=Biden,,Biden,2384998.0,NewZealand,NZ,2021-01-20T08:48:23Z,2020-12-31T11:46:37Z
342,#twitch,http://twitter.com/search?q=%23twitch,,%23twitch,44550.0,NewZealand,NZ,2021-01-20T08:48:23Z,2020-12-31T11:46:37Z
343,#PokemonGO,http://twitter.com/search?q=%23PokemonGO,,%23PokemonGO,,NewZealand,NZ,2021-01-20T08:48:23Z,2020-12-31T11:46:37Z
344,Assange,http://twitter.com/search?q=Assange,,Assange,264955.0,NewZealand,NZ,2021-01-20T08:48:23Z,2020-12-31T11:46:37Z
345,#shortlandstreet,http://twitter.com/search?q=%23shortlandstreet,,%23shortlandstreet,,NewZealand,NZ,2021-01-20T08:48:23Z,2020-12-31T11:46:37Z
346,Maori,http://twitter.com/search?q=Maori,,Maori,,NewZealand,NZ,2021-01-20T08:48:23Z,2020-12-31T11:46:37Z
347,Wellington,http://twitter.com/search?q=Wellington,,Wellington,,NewZealand,NZ,2021-01-20T08:48:23Z,2020-12-31T11:46:37Z
348,#InaugurationDay,http://twitter.com/search?q=%23InaugurationDay,,%23InaugurationDay,99044.0,NewZealand,NZ,2021-01-20T08:48:23Z,2020-12-31T11:46:37Z
349,Xbox,http://twitter.com/search?q=Xbox,,Xbox,71782.0,NewZealand,NZ,2021-01-20T08:48:23Z,2020-12-31T11:46:37Z
350,Fair,http://twitter.com/search?q=Fair,,Fair,176847.0,NewZealand,NZ,2021-01-20T08:48:23Z,2020-12-31T11:46:37Z
351,Cindy,http://twitter.com/search?q=Cindy,,Cindy,18360.0,NewZealand,NZ,2021-01-20T08:48:23Z,2020-12-31T11:46:37Z
352,Excuse,http://twitter.com/search?q=Excuse,,Excuse,141245.0,NewZealand,NZ,2021-01-20T08:48:23Z,2020-12-31T11:46:37Z
353,Tongan,http://twitter.com/search?q=Tongan,,Tongan,,NewZealand,NZ,2021-01-20T08:48:23Z,2020-12-31T11:46:37Z
354,New World,http://twitter.com/search?q=%22New+World%22,,%22New+World%22,89867.0,NewZealand,NZ,2021-01-20T08:48:23Z,2020-12-31T11:46:37Z
355,White House,http://twitter.com/search?q=%22White+House%22,,%22White+House%22,417100.0,NewZealand,NZ,2021-01-20T08:48:23Z,2020-12-31T11:46:37Z
356,Fox News,http://twitter.com/search?q=%22Fox+News%22,,%22Fox+News%22,114917.0,NewZealand,NZ,2021-01-20T08:48:23Z,2020-12-31T11:46:37Z
357,Oooh,http://twitter.com/search?q=Oooh,,Oooh,20497.0,NewZealand,NZ,2021-01-20T08:48:23Z,2020-12-31T11:46:37Z
358,Chelsea,http://twitter.com/search?q=Chelsea,,Chelsea,289105.0,NewZealand,NZ,2021-01-20T08:48:23Z,2020-12-31T11:46:37Z
359,Gosh,http://twitter.com/search?q=Gosh,,Gosh,36125.0,NewZealand,NZ,2021-01-20T08:48:23Z,2020-12-31T11:46:37Z
360,President,http://twitter.com/search?q=President,,President,2538707.0,NewZealand,NZ,2021-01-20T08:48:23Z,2020-12-31T11:46:37Z
361,Aotearoa,http://twitter.com/search?q=Aotearoa,,Aotearoa,,NewZealand,NZ,2021-01-20T08:48:23Z,2020-12-31T11:46:37Z
362,Auckland,http://twitter.com/search?q=Auckland,,Auckland,,NewZealand,NZ,2021-01-20T08:48:23Z,2020-12-31T11:46:37Z
363,Yooo,http://twitter.com/search?q=Yooo,,Yooo,18780.0,NewZealand,NZ,2021-01-20T08:48:23Z,2020-12-31T11:46:37Z
364,London,http://twitter.com/search?q=London,,London,128125.0,NewZealand,NZ,2021-01-20T08:48:23Z,2020-12-31T11:46:37Z
365,iPhone,http://twitter.com/search?q=iPhone,,iPhone,143981.0,NewZealand,NZ,2021-01-20T08:48:23Z,2020-12-31T11:46:37Z
366,Kiwis,http://twitter.com/search?q=Kiwis,,Kiwis,,NewZealand,NZ,2021-01-20T08:48:23Z,2020-12-31T11:46:37Z
367,Hawley,http://twitter.com/search?q=Hawley,,Hawley,307700.0,SanFrancisco,US,2021-01-20T08:48:24Z,2021-01-18T00:19:28Z
368,Cruz,http://twitter.com/search?q=Cruz,,Cruz,221795.0,SanFrancisco,US,2021-01-20T08:48:24Z,2021-01-18T00:19:28Z
369,#TrumpsLastDay,http://twitter.com/search?q=%23TrumpsLastDay,,%23TrumpsLastDay,65275.0,SanFrancisco,US,2021-01-20T08:48:24Z,2021-01-18T00:19:28Z
370,#ProdigalSon,http://twitter.com/search?q=%23ProdigalSon,,%23ProdigalSon,,SanFrancisco,US,2021-01-20T08:48:24Z,2021-01-18T00:19:28Z
371,Lady Gaga,http://twitter.com/search?q=%22Lady+Gaga%22,,%22Lady+Gaga%22,73914.0,SanFrancisco,US,2021-01-20T08:48:24Z,2021-01-18T00:19:28Z
372,seulgi,http://twitter.com/search?q=seulgi,,seulgi,58094.0,SanFrancisco,US,2021-01-20T08:48:24Z,2021-01-18T00:19:28Z
373,#ByeByeTrump,http://twitter.com/search?q=%23ByeByeTrump,,%23ByeByeTrump,35626.0,SanFrancisco,US,2021-01-20T08:48:24Z,2021-01-18T00:19:28Z
374,#ZoeysPlaylist,http://twitter.com/search?q=%23ZoeysPlaylist,,%23ZoeysPlaylist,,SanFrancisco,US,2021-01-20T08:48:24Z,2021-01-18T00:19:28Z
375,Rachel Maddow,http://twitter.com/search?q=%22Rachel+Maddow%22,,%22Rachel+Maddow%22,11330.0,SanFrancisco,US,2021-01-20T08:48:24Z,2021-01-18T00:19:28Z
376,logan lerman,http://twitter.com/search?q=%22logan+lerman%22,,%22logan+lerman%22,10165.0,SanFrancisco,US,2021-01-20T08:48:24Z,2021-01-18T00:19:28Z
377,One Day More,http://twitter.com/search?q=%22One+Day+More%22,,%22One+Day+More%22,47190.0,SanFrancisco,US,2021-01-20T08:48:24Z,2021-01-18T00:19:28Z
378,Clare,http://twitter.com/search?q=Clare,,Clare,15969.0,SanFrancisco,US,2021-01-20T08:48:24Z,2021-01-18T00:19:28Z
379,Chrissy,http://twitter.com/search?q=Chrissy,,Chrissy,,SanFrancisco,US,2021-01-20T08:48:24Z,2021-01-18T00:19:28Z
380,Stephen Miller,http://twitter.com/search?q=%22Stephen+Miller%22,,%22Stephen+Miller%22,18514.0,SanFrancisco,US,2021-01-20T08:48:24Z,2021-01-18T00:19:28Z
381,#BlingEmpireNetflix,http://twitter.com/search?q=%23BlingEmpireNetflix,,%23BlingEmpireNetflix,,SanFrancisco,US,2021-01-20T08:48:24Z,2021-01-18T00:19:28Z
382,Biden and Harris,http://twitter.com/search?q=%22Biden+and+Harris%22,,%22Biden+and+Harris%22,154324.0,SanFrancisco,US,2021-01-20T08:48:24Z,2021-01-18T00:19:28Z
383,Willy Wonka,http://twitter.com/search?q=%22Willy+Wonka%22,,%22Willy+Wonka%22,34177.0,SanFrancisco,US,2021-01-20T08:48:24Z,2021-01-18T00:19:28Z
384,james charles,http://twitter.com/search?q=%22james+charles%22,,%22james+charles%22,,SanFrancisco,US,2021-01-20T08:48:24Z,2021-01-18T00:19:28Z
385,The White House,http://twitter.com/search?q=%22The+White+House%22,,%22The+White+House%22,361235.0,SanFrancisco,US,2021-01-20T08:48:24Z,2021-01-18T00:19:28Z
386,changkyun,http://twitter.com/search?q=changkyun,,changkyun,34946.0,SanFrancisco,US,2021-01-20T08:48:24Z,2021-01-18T00:19:28Z
387,Kodak,http://twitter.com/search?q=Kodak,,Kodak,89072.0,SanFrancisco,US,2021-01-20T08:48:24Z,2021-01-18T00:19:28Z
388,Bannon,http://twitter.com/search?q=Bannon,,Bannon,169555.0,SanFrancisco,US,2021-01-20T08:48:24Z,2021-01-18T00:19:28Z
389,Kwame Kilpatrick,http://twitter.com/search?q=%22Kwame+Kilpatrick%22,,%22Kwame+Kilpatrick%22,15754.0,SanFrancisco,US,2021-01-20T08:48:24Z,2021-01-18T00:19:28Z
390,Joe Exotic,http://twitter.com/search?q=%22Joe+Exotic%22,,%22Joe+Exotic%22,46480.0,SanFrancisco,US,2021-01-20T08:48:24Z,2021-01-18T00:19:28Z
391,Tay K,http://twitter.com/search?q=%22Tay+K%22,,%22Tay+K%22,,SanFrancisco,US,2021-01-20T08:48:24Z,2021-01-18T00:19:28Z
392,Bobby Shmurda,http://twitter.com/search?q=%22Bobby+Shmurda%22,,%22Bobby+Shmurda%22,,SanFrancisco,US,2021-01-20T08:48:24Z,2021-01-18T00:19:28Z
393,Patriot Party,http://twitter.com/search?q=%22Patriot+Party%22,,%22Patriot+Party%22,74613.0,SanFrancisco,US,2021-01-20T08:48:24Z,2021-01-18T00:19:28Z
394,Springer,http://twitter.com/search?q=Springer,,Springer,46196.0,SanFrancisco,US,2021-01-20T08:48:24Z,2021-01-18T00:19:28Z
395,Claudia Conway,http://twitter.com/search?q=%22Claudia+Conway%22,,%22Claudia+Conway%22,47928.0,SanFrancisco,US,2021-01-20T08:48:24Z,2021-01-18T00:19:28Z
396,Snowden,http://twitter.com/search?q=Snowden,,Snowden,72967.0,SanFrancisco,US,2021-01-20T08:48:24Z,2021-01-18T00:19:28Z
397,Melly,http://twitter.com/search?q=Melly,,Melly,,SanFrancisco,US,2021-01-20T08:48:24Z,2021-01-18T00:19:28Z
398,Assange,http://twitter.com/search?q=Assange,,Assange,265082.0,SanFrancisco,US,2021-01-20T08:48:24Z,2021-01-18T00:19:28Z
399,Christmas Eve,http://twitter.com/search?q=%22Christmas+Eve%22,,%22Christmas+Eve%22,36557.0,SanFrancisco,US,2021-01-20T08:48:24Z,2021-01-18T00:19:28Z
400,Blue Jays,http://twitter.com/search?q=%22Blue+Jays%22,,%22Blue+Jays%22,19598.0,SanFrancisco,US,2021-01-20T08:48:24Z,2021-01-18T00:19:28Z
401,FASFA,http://twitter.com/search?q=FASFA,,FASFA,,SanFrancisco,US,2021-01-20T08:48:24Z,2021-01-18T00:19:28Z
402,RIP Baby CEO,http://twitter.com/search?q=%22RIP+Baby+CEO%22,,%22RIP+Baby+CEO%22,,SanFrancisco,US,2021-01-20T08:48:24Z,2021-01-18T00:19:28Z
403,Tiger King,http://twitter.com/search?q=%22Tiger+King%22,,%22Tiger+King%22,16154.0,SanFrancisco,US,2021-01-20T08:48:24Z,2021-01-18T00:19:28Z
404,Positive Vibes,http://twitter.com/search?q=%22Positive+Vibes%22,,%22Positive+Vibes%22,,SanFrancisco,US,2021-01-20T08:48:24Z,2021-01-18T00:19:28Z
405,Weezy,http://twitter.com/search?q=Weezy,,Weezy,,SanFrancisco,US,2021-01-20T08:48:24Z,2021-01-18T00:19:28Z
406,Kellyanne,http://twitter.com/search?q=Kellyanne,,Kellyanne,38277.0,SanFrancisco,US,2021-01-20T08:48:24Z,2021-01-18T00:19:28Z
407,Paul Erickson,http://twitter.com/search?q=%22Paul+Erickson%22,,%22Paul+Erickson%22,,SanFrancisco,US,2021-01-20T08:48:24Z,2021-01-18T00:19:28Z
408,anthony levandowski,http://twitter.com/search?q=%22anthony+levandowski%22,,%22anthony+levandowski%22,,SanFrancisco,US,2021-01-20T08:48:24Z,2021-01-18T00:19:28Z
409,Diamond and Silk,http://twitter.com/search?q=%22Diamond+and+Silk%22,,%22Diamond+and+Silk%22,,SanFrancisco,US,2021-01-20T08:48:24Z,2021-01-18T00:19:28Z
410,Elliott Broidy,http://twitter.com/search?q=%22Elliott+Broidy%22,,%22Elliott+Broidy%22,,SanFrancisco,US,2021-01-20T08:48:24Z,2021-01-18T00:19:28Z
411,FAFSA,http://twitter.com/search?q=FAFSA,,FAFSA,14042.0,SanFrancisco,US,2021-01-20T08:48:24Z,2021-01-18T00:19:28Z
412,Duke Cunningham,http://twitter.com/search?q=%22Duke+Cunningham%22,,%22Duke+Cunningham%22,,SanFrancisco,US,2021-01-20T08:48:24Z,2021-01-18T00:19:28Z
413,Karl Malone,http://twitter.com/search?q=%22Karl+Malone%22,,%22Karl+Malone%22,16853.0,SanFrancisco,US,2021-01-20T08:48:24Z,2021-01-18T00:19:28Z
414,Astros,http://twitter.com/search?q=Astros,,Astros,,SanFrancisco,US,2021-01-20T08:48:24Z,2021-01-18T00:19:28Z
415,Aquarius,http://twitter.com/search?q=Aquarius,,Aquarius,177112.0,SanFrancisco,US,2021-01-20T08:48:24Z,2021-01-18T00:19:28Z
416,Baekhyun,http://twitter.com/search?q=Baekhyun,,Baekhyun,333878.0,SanFrancisco,US,2021-01-20T08:48:24Z,2021-01-18T00:19:28Z
